,SIO2,CAO,AL2O3,MGO,Classification
0,38.89,0.28,0.34,54.32496,Dunite
1,45.9,3.4,3.76,45.4,Lherzolite
2,41.78,0.33,0.45,56.75,Dunite
3,44.08,0.76,0.79,53.72971,Harzburgite
4,43.73,1.23,0.55,53.42,Harzburgite
5,42.15,1.78,0.885877419,53.90095871,Lherzolite
6,45.04,1.84,0.6,50.53564,Lherzolite
7,42.63,1.37,0.6,53.730090000000004,Harzburgite
8,42.89,0.43,0.61,55.43,Harzburgite
9,43.72,0.63,0.63,53.3,Harzburgite
10,39.6,0.44,1.05,44.43795,Harzburgite
11,45.82,0.45,0.67,52.72,Harzburgite
12,43.7,0.39,0.97,53.78,Harzburgite
13,39.1,0.54,1.19,44.47635,Harzburgite
14,45.2,0.41,0.7,53.18,Harzburgite
15,43.1,0.59,1.2,54.41,Harzburgite
16,43.2,0.61,0.74,54.10931,Harzburgite
17,43.5,1.13,0.75,53.0202,Harzburgite
18,40.66,2.22,0.76,55.07,Dunite
19,42.24,1.83,1.11893685,53.55735215,Lherzolite
20,41.75,0.45,0.81,54.513830000000006,Harzburgite
21,43.45,1.08,0.81,52.74385,Harzburgite
22,42.13,1.57,1.17,53.47,Lherzolite
23,43.72,1.14,1.21,53.28,Harzburgite
24,43.65,1.19,1.24,52.403659999999995,Lherzolite
25,43.73,1.39,0.85,52.15,Harzburgite
26,44.07,1.63,0.85,52.28,Lherzolite
27,43.97,0.5,0.85,54.39,Harzburgite
28,41.57,2.34,0.86,51.61,Harzburgite
29,46.18,0.63,0.86,51.8,Harzburgite
30,44.26,0.76,1.22,53.53162,Harzburgite
31,45.01,0.51,1.34,53.045759999999994,Harzburgite
32,46.64,0.5,0.88,51.51,Harzburgite
33,45.36,0.7,1.4,51.83526,Harzburgite
34,46.36,0.55,0.89,51.88,Harzburgite
35,42.35,1.5,1.82,53.92,Lherzolite
36,41.03,1.03,0.9,48.69133,Harzburgite
37,41.4,5.2,0.9,49.6082,Wehrlite
38,43.25,0.76,1.31,52.86628,Harzburgite
39,44.05,0.75,0.9,52.90719,Harzburgite
40,46.9,0.79,0.9,50.74,Harzburgite
41,43.86,1.19,1.28,53.05,Harzburgite
42,39.75,3.12,0.91,51.72436,Lherzolite
43,42.9,0.54,0.91,53.65,Harzburgite
44,42.59,2.07,0.94,53.57,Lherzolite
45,41.72,1.43,1.33,53.59861,Lherzolite
46,41.78,1.8,0.95,53.76495,Lherzolite
47,43.47,1.54,1.59,51.90292,Lherzolite
48,45.24,1.45,1.3719999999999999,50.86,Lherzolite
49,45.47,2.41,0.96,50.03011,Lherzolite
50,46.28,0.48,0.96,51.77,Harzburgite
51,44.16,1.61,0.97,52.31,Lherzolite
52,41.55,1.31,1.4,53.22469,Lherzolite
53,49.76,1.02,0.98,45.876459999999994,Lherzolite
54,43.8,1.02,1.0,54.138169999999995,Harzburgite
55,43.27,0.54,1.02,53.02,Harzburgite
56,43.13,1.0,1.02,53.47,Harzburgite
57,44.14,1.73,1.02,51.89,Lherzolite
58,43.58,0.97,1.34,53.67819,Harzburgite
59,43.55,1.61,1.56,51.09,Lherzolite
60,44.49,1.74,1.03,52.3,Lherzolite
61,44.15,2.08,1.04,51.51272,Lherzolite
62,42.34,1.22,1.05,53.2955,Harzburgite
63,45.63,1.05,1.05,51.6,Harzburgite
64,39.7,1.13,1.49,42.434509999999996,Lherzolite
65,44.5,0.48,1.57,52.44,Harzburgite
66,42.78,1.31,1.07,53.191,Harzburgite
67,43.24,1.04,1.07,54.11261999999999,Harzburgite
68,47.26,0.79,1.08,50.36,Lherzolite
69,45.09,2.92,1.77,49.77,Lherzolite
70,43.4,0.84,1.1,53.539280000000005,Harzburgite
71,47.36,0.82,1.11,49.7,Lherzolite
72,43.42,1.51,1.62,52.67416,Lherzolite
73,42.14,1.7,1.13,53.827298,Lherzolite
74,45.75,1.43,1.5,50.78,Lherzolite
75,40.78,2.91,1.13,54.91,Lherzolite
76,43.3,0.77,1.14,52.99918,Harzburgite
77,43.8,0.84,1.16,52.47635,Harzburgite
78,45.34,1.22,1.462,50.99,Lherzolite
79,45.18,0.51,1.17,52.62,Harzburgite
80,43.75,1.58,1.18,52.03,Lherzolite
81,44.42,1.8,1.18,51.4,Lherzolite
82,40.81,3.1,1.19,51.39,Lherzolite
83,43.28,1.94,1.2,51.88,Lherzolite
84,42.4,1.3,1.2,53.2,Harzburgite
85,43.91,1.46,1.561,52.82,Lherzolite
86,47.63,0.72,1.22,50.01,Lherzolite
87,42.5,1.72,1.23,51.38868,Lherzolite
88,46.31,0.72,1.23,51.41,Harzburgite
89,41.39,2.13,1.24,53.846897999999996,Lherzolite
90,42.4,3.3,1.24,51.835314000000004,Lherzolite
91,41.74,2.36,1.24,53.6,Lherzolite
92,44.61,1.35,1.65,50.96,Lherzolite
93,44.08,2.01,1.6,50.87,Lherzolite
94,43.23,0.56,1.475,53.77,Harzburgite
95,45.5,2.3,1.25,49.55688,Lherzolite
96,44.18,1.31,1.63,52.22,Harzburgite
97,45.02,1.48,1.26,52.07,Harzburgite
98,43.05,1.61,1.27,52.80001,Lherzolite
99,43.35,1.89,1.28,51.513940000000005,Lherzolite
100,43.2,1.02,1.61,53.467180000000006,Harzburgite
101,43.2,1.16,1.29,52.423629999999996,Lherzolite
102,45.0,1.49,1.3,50.85,Lherzolite
103,44.38,1.47,1.68,51.31,Lherzolite
104,44.74,0.69,1.3,52.37473,Harzburgite
105,43.08,1.54,1.31,53.09938199999999,Harzburgite
106,44.51,1.64,1.31,52.21,Lherzolite
107,43.78,1.35,1.32,51.40869,Harzburgite
108,40.5,3.03,1.32,53.42578031,Wehrlite
109,45.5,1.65,1.33,49.4314,Lherzolite
110,42.31,2.81,1.33,52.339362,Harzburgite
111,47.16,0.84,1.33,50.13,Lherzolite
112,45.68,2.43,1.36,44.82732,Lherzolite
113,43.26,3.73,1.36,50.4009,Wehrlite
114,43.04,1.1,1.58,52.88589,Harzburgite
115,41.26,1.82,1.37,52.6506,Harzburgite
116,46.79,0.82,1.37,50.24,Lherzolite
117,42.27,2.89,1.74,51.222229999999996,Lherzolite
118,44.99,1.2,1.4,51.30455,Harzburgite
119,41.53,3.32,1.4,52.033970000000004,Wehrlite
120,41.38,1.78,1.594,55.24,Harzburgite
121,42.13,1.4,1.79,51.07264,Harzburgite
122,43.94,1.06,1.41,52.57,Harzburgite
123,42.07,1.85,1.42,52.87,Lherzolite
124,42.5,1.49,2.29,53.137890000000006,Lherzolite
125,44.08,1.53,1.42,52.52686,Lherzolite
126,43.81,1.39,1.86,52.67,Harzburgite
127,42.9,0.5,1.66,53.71,Harzburgite
128,45.58,1.29,1.9,51.01,Lherzolite
129,44.3,1.95,1.44,49.87,Lherzolite
130,43.85,1.65,1.44,52.044312,Lherzolite
131,43.57,1.15,1.689,52.72,Harzburgite
132,44.55,0.89,1.44,52.32,Harzburgite
133,43.84,1.61,1.77,52.59,Lherzolite
134,46.17,5.04,2.03,47.26,Lherzolite
135,43.09,1.1,1.63,52.44719,Lherzolite
136,44.16,2.87,1.86,51.0194,Lherzolite
137,42.7,2.62,1.46,51.22807,Harzburgite
138,46.05,0.91,1.46,51.11,Harzburgite
139,46.67,0.81,1.46,50.6,Harzburgite
140,48.01,0.93,1.46,49.07,Lherzolite
141,42.48,2.54,1.85,50.66304,Lherzolite
142,43.5,1.72,1.47,51.61353,Lherzolite
143,43.29,1.44,1.47,52.882419999999996,Harzburgite
144,43.12,2.68,1.88,49.28718,Lherzolite
145,42.26,1.31,1.88,52.56476,Harzburgite
146,47.38,0.94,1.48,49.73,Lherzolite
147,46.45,0.88,1.49,50.68,Harzburgite
148,46.7,1.95,1.5,48.6788,Lherzolite
149,39.5,1.59,1.5,56.788000000000004,Dunite
150,43.41,1.33,1.51,51.61059,Lherzolite
151,43.39,1.41,1.71,52.10032,Lherzolite
152,44.58,2.68,1.51,50.92,Lherzolite
153,45.1,1.97,1.52,49.3478,Lherzolite
154,44.49,2.12,1.86,50.71698,Lherzolite
155,45.28,1.74,1.9180000000000001,50.64,Lherzolite
156,44.17,1.74,1.95,51.05312,Lherzolite
157,44.97,1.38,1.54,51.16,Lherzolite
158,43.76,1.69,1.97,50.06759,Lherzolite
159,42.78,1.75,1.8530000000000002,51.37,Lherzolite
160,44.23,1.9,1.93,49.747690000000006,Lherzolite
161,44.28,1.51,1.96,50.40749,Lherzolite
162,42.66,2.44,1.91,50.99981,Lherzolite
163,43.91,4.3,1.55,50.38342,Lherzolite
164,43.84,2.0,1.96,49.700520000000004,Lherzolite
165,43.21,1.2,1.81,52.41151,Lherzolite
166,43.25,1.07,1.91,52.36,Lherzolite
167,43.56,1.42,1.98,51.2888,Lherzolite
168,44.19,1.21,1.57,52.33,Harzburgite
169,48.18,0.81,1.57,49.09,Lherzolite
170,43.65,1.34,1.58,52.349402000000005,Lherzolite
171,46.01,2.5,1.59,47.460809999999995,Lherzolite
172,40.66,0.43,1.63,56.96,Dunite
173,38.54,1.45,1.61,43.08553,Harzburgite
174,44.1,1.75,2.01,49.89,Lherzolite
175,43.94,1.08,1.61,51.46,Harzburgite
176,43.85,1.12,1.61,52.81223000000001,Harzburgite
177,43.79,1.34,1.62,52.212920000000004,Lherzolite
178,44.68,1.5,2.02,47.28468,Lherzolite
179,44.1,1.15,2.55,50.26435,Lherzolite
180,43.89,1.58,2.02,51.84,Lherzolite
181,41.75,1.26,2.02,53.955780000000004,Lherzolite
182,43.75,1.39,1.65,52.36817,Lherzolite
183,45.28,2.12,1.65,50.64,Lherzolite
184,48.2,2.17,1.65,47.53,Lherzolite
185,43.58,2.0,2.02,50.82678,Lherzolite
186,46.54,1.65,1.66,49.57,Harzburgite
187,43.18,1.64,1.66,53.28,Harzburgite
188,43.83,1.61,1.67,51.31,Lherzolite
189,45.06,1.51,1.67,50.64433,Lherzolite
190,44.48,2.48,1.67,50.59,Lherzolite
191,43.65,1.81,2.06,50.48547,Lherzolite
192,43.88,1.64,1.68,51.1215,Lherzolite
193,43.84,1.64,1.68,51.4984,Lherzolite
194,44.48,1.21,2.18,51.1,Harzburgite
195,42.57,1.43,1.99,53.04,Lherzolite
196,44.1,1.39,1.69,50.96503,Lherzolite
197,42.67,2.05,1.69,51.5,Lherzolite
198,43.69,1.41,1.69,52.14322,Lherzolite
199,45.4,1.93,2.14,49.10776,Lherzolite
200,42.52,1.7,1.7,50.91319,Lherzolite
201,43.2,1.84,1.7,52.1586,Lherzolite
202,45.2,1.65,2.115,50.91,Lherzolite
203,44.4,1.57,1.72,50.29999,Lherzolite
204,43.75,1.57,1.72,50.81312,Lherzolite
205,43.04,0.94,1.73,52.65696,Lherzolite
206,44.0,1.39,1.73,51.421409999999995,Lherzolite
207,42.69,1.91,2.028,53.12,Lherzolite
208,46.05,1.72,1.73,49.98,Harzburgite
209,44.65,1.46,1.74,50.135740000000006,Lherzolite
210,43.5,1.65,1.74,51.8,Lherzolite
211,44.5,0.5,1.75,50.75698,Harzburgite
212,42.92,1.67,2.65,50.92476,Lherzolite
213,44.2,1.58,1.76,49.37,Lherzolite
214,48.14,0.91,1.76,46.99,Lherzolite
215,44.78,2.46,1.76,49.10018,Lherzolite
216,44.71,1.54,1.76,51.443220000000004,Lherzolite
217,43.27,1.77,1.77,50.137170000000005,Lherzolite
218,42.56,1.61,1.77,51.82799,Harzburgite
219,43.8,1.49,1.77,51.42426,Lherzolite
220,44.4,2.49,1.78,49.13473,Lherzolite
221,43.6,1.62,1.79,50.208870000000005,Lherzolite
222,46.0,2.05,1.79,48.341609999999996,Lherzolite
223,42.31,1.78,1.79,53.14,Harzburgite
224,43.9,2.41,2.28,50.49425,Lherzolite
225,43.06,1.5,2.21,50.511829999999996,Lherzolite
226,43.75,1.81,1.8,50.89951,Lherzolite
227,45.6,2.5,1.8,48.77375,Lherzolite
228,47.96,0.9,1.8,48.73,Lherzolite
229,44.46,2.81,1.8,50.6609,Lherzolite
230,43.8,1.94,1.8,53.2182,Lherzolite
231,44.8,1.59,1.81,50.22424,Lherzolite
232,44.68,1.52,1.81,50.15,Lherzolite
233,43.89,1.26,1.81,52.42,Lherzolite
234,45.06,4.62,1.81,47.79,Lherzolite
235,44.71,1.63,2.26,53.1615,Harzburgite
236,43.75,2.13,1.82,50.67,Lherzolite
237,42.9,2.18,2.19,52.02143,Lherzolite
238,45.02,1.53,1.82,50.53,Lherzolite
239,44.6,1.85,1.83,49.93373,Lherzolite
240,43.87,1.59,1.83,50.88547,Lherzolite
241,38.1,0.61,3.2,43.54705,Harzburgite
242,43.91,2.52,1.84,50.15,Lherzolite
243,43.4,2.28,2.271,49.44433,Lherzolite
244,44.2,1.56,1.85,50.32685,Lherzolite
245,43.88,2.96,1.85,49.556779999999996,Lherzolite
246,53.64,23.43,2.61,20.11,Lherzolite
247,42.26,1.98,1.86,53.27,Harzburgite
248,43.4,1.61,2.153,52.42,Lherzolite
249,56.63,0.67,2.38,40.23,Lherzolite
250,43.23,0.76,1.88,47.2587,Lherzolite
251,44.78,1.35,1.88,50.49412,Lherzolite
252,41.54,1.83,2.14,53.50711,Lherzolite
253,43.9,1.0,2.28,50.58668,Harzburgite
254,43.4,1.93,2.25,51.4489,Lherzolite
255,42.7,0.72,1.9,51.99655,Lherzolite
256,43.44,1.84,1.9,50.60412,Lherzolite
257,44.17,1.73,1.9,49.903620000000004,Lherzolite
258,43.9,1.62,1.9,51.4014,Lherzolite
259,42.6,0.78,2.09,53.65526,Harzburgite
260,42.8,1.83,1.9,52.79111999999999,Lherzolite
261,44.83,1.8,2.25,47.81,Lherzolite
262,44.81,1.54,2.29,49.54473,Lherzolite
263,44.51,1.22,1.91,50.83443,Harzburgite
264,42.48,1.99,1.91,51.99,Harzburgite
265,45.75,1.61,1.91,49.25342,Lherzolite
266,44.26,0.66,1.92,53.25,Harzburgite
267,43.7,1.73,2.34,49.87042,Lherzolite
268,43.8,2.25,1.94,49.84483,Lherzolite
269,43.98,1.83,2.62,50.60224,Lherzolite
270,43.2,1.82,1.94,52.34395,Lherzolite
271,42.84,1.96,1.95,50.374629999999996,Lherzolite
272,43.44,1.69,2.35,50.05598,Lherzolite
273,40.47,1.58,2.28,53.33566999999999,Lherzolite
274,44.34,1.56,2.33,49.88,Lherzolite
275,44.83,1.89,2.34,49.38,Lherzolite
276,44.2,1.81,1.96,50.77,Lherzolite
277,42.7,1.55,1.96,53.273230000000005,Lherzolite
278,44.56,2.27,1.97,49.7715,Lherzolite
279,43.9,1.96,2.43,50.75597,Lherzolite
280,43.63,1.39,1.98,51.156279999999995,Lherzolite
281,44.15,2.09,1.98,50.26918,Lherzolite
282,44.57,0.96,1.98,49.52,Lherzolite
283,42.74,1.86,2.358,52.67,Harzburgite
284,44.26,2.03,1.99,51.1809,Lherzolite
285,43.99,2.85,2.296,50.48,Lherzolite
286,43.77,1.75,2.0,51.414372,Lherzolite
287,43.4,1.8,2.0,51.83546,Lherzolite
288,43.4,1.93,2.35,51.065979999999996,Lherzolite
289,43.68,1.6,2.01,51.91708,Lherzolite
290,43.99,1.73,2.02,50.74989,Lherzolite
291,43.3,2.25,2.03,50.59899,Lherzolite
292,43.17,2.53,2.45,49.05153,Lherzolite
293,44.69,1.75,2.04,50.66,Harzburgite
294,42.62,1.99,2.05,47.30473,Lherzolite
295,44.3,2.09,2.05,48.903209999999994,Lherzolite
296,43.93,1.95,2.05,51.35999,Lherzolite
297,43.94,1.94,2.06,50.810190000000006,Lherzolite
298,44.2,1.98,2.46,50.523340000000005,Lherzolite
299,43.15,2.93,2.08,48.25322,Lherzolite
300,43.69,1.69,2.08,51.1908,Lherzolite
301,43.66,0.09,2.63,52.63233,Harzburgite
302,43.08,1.43,2.09,51.867259999999995,Lherzolite
303,42.45,2.36,2.38,51.03094,Lherzolite
304,42.48,2.38,2.86,51.2476,Lherzolite
305,43.77,2.03,2.457,49.19464,Lherzolite
306,42.0,0.75,2.1,54.616859999999996,Harzburgite
307,44.92,2.52,2.1,49.87,Lherzolite
308,44.63,2.12,2.5,48.93638,Lherzolite
309,45.51,2.24,2.11,48.86,Lherzolite
310,44.03,1.57,2.59,50.89425,Lherzolite
311,42.71,1.95,2.12,49.82,Lherzolite
312,44.39,2.33,2.12,48.73433,Lherzolite
313,43.5,1.99,2.13,50.06392,Lherzolite
314,44.9,2.59,2.13,48.33928,Lherzolite
315,44.42,2.31,2.49,50.820609999999995,Lherzolite
316,43.72,2.24,2.63,49.24281,Lherzolite
317,45.44,2.0,2.57,50.35,Lherzolite
318,32.14,3.18,2.15,49.972229999999996,Dunite
319,42.78,4.78,2.15,45.71771,Harzburgite
320,44.12,1.41,2.15,50.08554,Lherzolite
321,44.65,2.26,2.15,48.607659999999996,Lherzolite
322,44.12,1.88,2.15,49.9016,Lherzolite
323,43.4,1.43,2.15,52.182959999999994,Lherzolite
324,43.88,1.94,2.16,48.757090000000005,Lherzolite
325,44.3,2.01,2.55,48.990520000000004,Lherzolite
326,43.89,2.35,2.16,50.79,Lherzolite
327,44.4,2.57,2.17,50.55397,Lherzolite
328,44.36,1.85,2.18,49.6217,Lherzolite
329,43.97,3.48,2.481,49.69,Lherzolite
330,43.71,1.8,2.6,49.50587,Lherzolite
331,44.32,1.4,2.62,49.72719,Lherzolite
332,44.27,2.02,2.2,50.590090000000004,Lherzolite
333,44.03,1.98,2.58,49.18618,Lherzolite
334,43.89,2.79,2.21,49.27,Lherzolite
335,44.2,2.78,2.22,47.64705,Lherzolite
336,44.07,2.1,2.74,49.39,Lherzolite
337,44.22,2.81,2.23,49.65,Lherzolite
338,43.22,1.77,2.24,51.34809,Lherzolite
339,45.4,1.92,2.57,49.82,Lherzolite
340,44.7,3.26,2.25,48.04221,Lherzolite
341,44.73,1.82,2.25,50.04,Lherzolite
342,44.02,1.5,2.77,51.68,Lherzolite
343,44.34,2.15,2.69,51.495740000000005,Lherzolite
344,43.8,1.81,2.27,48.4809,Lherzolite
345,44.43,3.17,2.64,46.852140000000006,Lherzolite
346,44.01,2.71,2.27,48.97485,Lherzolite
347,43.62,1.81,2.27,50.81231,Lherzolite
348,43.46,1.83,2.74,50.57959,Lherzolite
349,44.17316953,2.078053659,2.277615346,50.83305446,Lherzolite
350,43.84,1.22,2.28,50.32413,Lherzolite
351,44.69,1.62,2.28,49.76,Lherzolite
352,44.44,1.36,2.7060000000000004,50.66,Harzburgite
353,44.4,1.94,2.29,49.38,Lherzolite
354,44.92,1.46,2.29,50.31928,Harzburgite
355,43.4,1.6,2.71,51.619,Lherzolite
356,40.6,2.25,2.3,51.56947,Dunite
357,44.6,2.02,2.3,49.44142,Lherzolite
358,43.84,2.05,2.31,49.644220000000004,Lherzolite
359,43.44,2.18,2.57,50.73,Lherzolite
360,44.53,1.37,2.742,50.75,Lherzolite
361,44.22,1.64,2.74,49.02,Lherzolite
362,43.97,2.27,2.34,50.05012,Lherzolite
363,42.97,2.2,2.34,50.79373,Lherzolite
364,44.15,2.21,2.87,49.46526,Lherzolite
365,43.12,2.09,2.62,50.65296,Lherzolite
366,44.12,1.8,2.83,50.74283,Lherzolite
367,44.75,2.25,2.35,49.08271,Lherzolite
368,43.29,2.84,2.63,49.21577,Lherzolite
369,43.91,2.46,2.655,50.11,Lherzolite
370,55.5,0.76,2.95,40.35,Lherzolite
371,45.0,1.77,2.37,49.1698,Lherzolite
372,44.57,1.93,2.37,50.45,Harzburgite
373,43.21,2.35,2.859,49.47,Lherzolite
374,44.86,2.0,2.38,48.970079999999996,Lherzolite
375,44.6,2.84,2.39,47.11331,Lherzolite
376,44.23,1.93,2.77,49.68,Lherzolite
377,44.69,2.38,2.4,46.32493,Lherzolite
378,44.11,2.12,2.4,49.73807,Lherzolite
379,42.84,3.45,2.822,48.98,Lherzolite
380,44.45,2.51,2.4,47.951859999999996,Lherzolite
381,44.2,2.22,2.41,48.757259999999995,Lherzolite
382,43.9,1.89,2.86,50.15,Lherzolite
383,44.39,1.91,2.41,50.67757,Lherzolite
384,44.82,1.79,3.32,49.33821,Lherzolite
385,44.56,2.2,2.42,48.04857,Lherzolite
386,44.12,2.02,2.42,48.97769,Lherzolite
387,46.62,2.41,2.8,47.7,Lherzolite
388,45.13,1.09,2.43,49.16637,Lherzolite
389,44.34,1.78,2.43,49.737359999999995,Lherzolite
390,44.5,1.94,2.43,49.54372,Lherzolite
391,44.37,1.45,2.92,49.32415,Lherzolite
392,42.89,1.28,2.45,50.864740000000005,Lherzolite
393,44.34,2.27,2.45,49.31021,Lherzolite
394,44.56,2.69,3.1,48.10315,Lherzolite
395,44.59,2.85,2.46,47.77746,Lherzolite
396,45.0,1.98,2.46,48.79655,Lherzolite
397,43.6,2.21,2.46,50.28567,Lherzolite
398,43.41,2.39,2.93,49.99255,Lherzolite
399,44.93,4.11,2.46,48.23,Lherzolite
400,44.15,1.25,2.47,49.50535,Lherzolite
401,44.13,2.26,2.47,48.55048,Lherzolite
402,44.31,2.18,2.47,48.689370000000004,Lherzolite
403,44.49,2.18,2.47,48.97139,Lherzolite
404,42.8,3.61,2.88,49.30133,Lherzolite
405,46.71,2.36,2.88,47.31,Lherzolite
406,44.44,2.24,2.48,48.686440000000005,Lherzolite
407,43.95,2.04,2.48,49.89414,Lherzolite
408,44.48,3.24,2.92,48.54416,Lherzolite
409,44.13,2.02,2.49,49.49203,Lherzolite
410,43.86,2.12,2.49,50.05686,Lherzolite
411,44.39,2.25,2.5,48.70644,Lherzolite
412,42.05,4.59,2.5,48.57014,Lherzolite
413,42.1,1.77,2.51,50.4604,Lherzolite
414,43.67,1.75,2.82,50.0778,Lherzolite
415,45.25,1.86,2.52,49.59,Lherzolite
416,52.91,21.78,3.34,20.0,Lherzolite
417,45.13,2.79,2.54,46.471090000000004,Lherzolite
418,44.2,2.66,2.55,48.38,Lherzolite
419,43.82,1.18,2.83,51.61092,Lherzolite
420,44.15,2.79,2.56,48.15,Lherzolite
421,44.94,2.66,2.56,49.69,Lherzolite
422,44.2,2.73,2.57,47.44372,Lherzolite
423,44.6,2.49,2.57,48.10221,Lherzolite
424,44.3,2.67,2.57,48.4,Lherzolite
425,44.45,2.33,2.57,49.324329999999996,Lherzolite
426,45.1,1.6,2.99,49.39,Lherzolite
427,43.99,2.43,2.98,48.37,Lherzolite
428,45.05,2.15,2.58,48.87362,Lherzolite
429,43.03,2.3,2.58,50.87,Lherzolite
430,44.82,2.37,2.58,49.84,Lherzolite
431,44.1,2.36,2.94,52.80291999999999,Lherzolite
432,44.34,1.82,2.59,50.14716,Lherzolite
433,43.81,3.41,3.009,49.63,Lherzolite
434,44.48,2.27,2.95,49.49,Lherzolite
435,43.84,2.34,3.09,50.05021,Lherzolite
436,43.43,2.32,2.6,51.35,Lherzolite
437,44.77,2.12,2.61,48.11291,Lherzolite
438,44.72,2.38,2.61,49.26605,Lherzolite
439,41.6,4.61,2.72,48.26981,Lherzolite
440,44.51,2.68,2.62,49.42,Lherzolite
441,44.05,2.13,3.02,52.560190000000006,Lherzolite
442,44.23,2.78,3.11,48.51688,Lherzolite
443,44.75,2.58,3.02,47.14497,Lherzolite
444,43.81,2.27,2.64,49.75999,Lherzolite
445,43.3,2.21,2.64,50.99,Lherzolite
446,44.5,2.56,2.65,48.44,Lherzolite
447,44.08,2.17,2.65,49.88514,Lherzolite
448,45.61,2.71,2.65,48.64,Lherzolite
449,46.92,3.55,2.65,46.27608,Lherzolite
450,43.3,1.97,2.66,48.83817,Lherzolite
451,44.17,2.31,2.66,48.604729999999996,Lherzolite
452,43.52,2.8,3.0039999999999996,49.64,Lherzolite
453,44.79,2.26,3.0,49.14,Lherzolite
454,43.86,2.63,3.0,50.11,Lherzolite
455,43.08936468,2.1956869180000003,2.666199114,50.80562485,Lherzolite
456,45.6,2.71,2.67,47.07,Lherzolite
457,42.47,2.42,2.67,50.91,Lherzolite
458,44.75,2.19,3.18,48.265240000000006,Lherzolite
459,43.48,3.56,2.68,49.03,Lherzolite
460,44.36,2.32,2.68,50.1,Lherzolite
461,46.11,3.05,2.69,46.42123,Lherzolite
462,43.87,2.73,3.04,49.96,Lherzolite
463,44.3,2.64,2.7,47.34949,Lherzolite
464,44.3,2.31,2.7,48.26614,Lherzolite
465,44.26,2.47,2.7,49.31,Lherzolite
466,45.26,2.48,2.71,47.816140000000004,Lherzolite
467,45.41,2.52,3.1,47.510690000000004,Lherzolite
468,43.92,2.34,3.16,49.34,Lherzolite
469,45.7,2.58,2.71,48.1086,Lherzolite
470,43.98,2.27,2.71,50.23453,Lherzolite
471,43.94,2.49,3.04,51.51343,Lherzolite
472,42.5,4.98,2.72,45.42468,Harzburgite
473,44.6,3.07,2.72,47.66,Lherzolite
474,44.31,2.16,2.95,48.63,Lherzolite
475,44.73,2.18,3.1180000000000003,49.7,Lherzolite
476,43.56,1.42,2.73,50.16372,Lherzolite
477,45.31,2.28,3.13,48.1,Lherzolite
478,44.48,2.12,3.15,49.04688,Lherzolite
479,46.45,3.06,2.73,47.55,Lherzolite
480,43.54,3.3,2.74,47.39618,Lherzolite
481,43.21,2.01,3.136,49.37,Lherzolite
482,43.78,2.68,2.74,48.644940000000005,Lherzolite
483,44.2,2.61,2.74,48.94301,Lherzolite
484,44.5,2.65,2.74,48.8,Lherzolite
485,44.31,1.93,2.74,49.73352,Lherzolite
486,45.82,2.82,3.071,47.14,Lherzolite
487,46.68,6.39,2.74,43.48,Lherzolite
488,44.6,2.42,3.12,48.12,Lherzolite
489,45.03,2.72,3.15,47.999309999999994,Lherzolite
490,43.06,1.7,2.76,49.66708,Lherzolite
491,44.75,2.12,3.16,47.89,Lherzolite
492,44.45,2.42,2.76,48.7,Lherzolite
493,44.65,2.79,2.76,48.3407,Lherzolite
494,46.45,2.63,2.76,47.77,Lherzolite
495,44.7,1.85,3.1,51.48999,Lherzolite
496,44.3,1.81,2.77,49.2617,Lherzolite
497,43.62,2.5,2.79,49.06231,Lherzolite
498,41.42,4.42,2.79,49.6322,Wehrlite
499,44.1,3.07,2.8,47.67001,Lherzolite
500,44.2,2.6,2.8,49.2,Lherzolite
501,44.84,2.98,2.8,48.64888,Lherzolite
502,42.23,3.76,3.22,48.036770000000004,Lherzolite
503,45.1,3.0,2.81,47.41575,Lherzolite
504,44.6,2.99,2.82,47.42,Lherzolite
505,44.01,2.16,2.82,49.480290000000004,Lherzolite
506,44.42,2.57,2.82,49.63,Lherzolite
507,44.15,2.18,3.19,49.08,Lherzolite
508,46.62,3.57,2.83,46.11,Lherzolite
509,43.83,2.3,2.83,50.83,Lherzolite
510,44.94,1.16,3.02,49.43274,Lherzolite
511,44.37,2.74,2.84,49.54,Lherzolite
512,45.81,1.45,3.53,48.95,Lherzolite
513,43.8,4.35,2.85,44.94494,Lherzolite
514,44.99,3.1,2.85,46.36083,Lherzolite
515,43.74,2.18,3.56,49.80144,Lherzolite
516,43.94644411,2.369971258,2.856368878,50.00196066,Lherzolite
517,44.41,2.35,2.86,48.21332,Lherzolite
518,42.09,4.18,2.86,48.42,Lherzolite
519,44.01,2.68,3.193,48.81,Lherzolite
520,45.2,2.92,2.86,48.102740000000004,Lherzolite
521,45.07,2.07,3.24,48.63,Lherzolite
522,44.42,2.89,2.87,49.65,Lherzolite
523,44.65,4.25,3.24,49.218070000000004,Lherzolite
524,44.6,2.57,3.29,48.4489,Lherzolite
525,44.22,2.15,2.88,49.71322,Lherzolite
526,45.0,2.38,2.89,47.59433,Lherzolite
527,44.9,2.77,2.89,47.208870000000005,Lherzolite
528,44.45,2.35,2.89,48.08433,Lherzolite
529,45.55,2.83,2.89,48.39,Lherzolite
530,44.33,2.85,2.9,46.89901,Lherzolite
531,44.5,2.53,3.25,49.10698,Lherzolite
532,44.7,2.91,2.91,47.72,Lherzolite
533,44.54,2.89,3.29,50.52908,Lherzolite
534,44.8,2.76,2.92,47.65637,Lherzolite
535,44.85,7.24,3.31,43.164970000000004,Lherzolite
536,45.8,2.82,2.92,47.58062,Lherzolite
537,43.92,3.56,3.2710000000000004,48.87,Lherzolite
538,44.18,2.69,3.31,50.68938,Lherzolite
539,43.96,2.58,3.3,47.78456,Lherzolite
540,44.9,2.38,2.93,47.46958,Lherzolite
541,45.38,2.36,2.93,47.32614,Lherzolite
542,44.24,4.19,3.3510000000000004,47.87,Lherzolite
543,44.2,2.69,3.39,50.98292,Lherzolite
544,44.7,2.88,2.95,47.48,Lherzolite
545,43.97,2.8,2.96,49.17588,Lherzolite
546,44.34,2.54,4.05,48.53658,Lherzolite
547,45.1,3.29,2.97,46.64849,Lherzolite
548,43.64,2.36,3.398,48.21,Lherzolite
549,45.19,2.5,3.41,48.2085,Lherzolite
550,44.38,2.48,3.44,51.50463,Lherzolite
551,43.6,2.58,3.38,48.32052,Lherzolite
552,46.32,3.96,2.99,45.86,Lherzolite
553,44.63,2.6,3.0,48.04958,Lherzolite
554,44.08,2.23,3.31,48.90162,Lherzolite
555,44.5,2.7,3.0,48.9,Lherzolite
556,43.8,3.18,3.01,47.69252,Lherzolite
557,44.48,2.55,3.45,48.57,Lherzolite
558,42.38,2.64,3.03,49.26,Lherzolite
559,44.64,2.6,3.03,48.01201,Lherzolite
560,45.16,2.96,3.03,48.45,Lherzolite
561,44.19,3.38,3.424,48.72,Lherzolite
562,44.32,2.43,3.46,47.78685,Lherzolite
563,44.49,2.55,3.52,48.5493,Lherzolite
564,43.56,2.49,3.35,47.97625,Lherzolite
565,44.65,2.6,3.06,48.35605,Lherzolite
566,44.13,2.87,3.41,50.79898,Lherzolite
567,44.9,2.36,3.07,45.23706,Lherzolite
568,44.6,2.62,3.49,47.66799,Lherzolite
569,44.74,2.75,3.55,48.09233,Lherzolite
570,43.84,2.16,3.35,49.980920000000005,Lherzolite
571,43.72,2.22,3.08,48.3111,Lherzolite
572,44.5,2.62,3.08,47.23695,Lherzolite
573,44.54,2.69,3.08,47.43564,Lherzolite
574,41.41,1.91,3.08,50.96192,Lherzolite
575,44.69,2.58,3.08,47.70534,Lherzolite
576,44.45,2.31,3.45,48.75,Lherzolite
577,45.7,3.5,3.08,47.38,Lherzolite
578,44.06,3.57,3.47,48.65,Lherzolite
579,44.62,3.1,3.09,46.75517,Lherzolite
580,45.4,3.8,3.44,45.584340000000005,Lherzolite
581,44.38,2.5,3.09,48.5215,Lherzolite
582,43.27,2.7,3.09,50.3,Lherzolite
583,46.68,2.79,3.1,44.2319,Lherzolite
584,43.37,3.17,3.44,49.02385,Lherzolite
585,43.74,3.08,3.58,47.430009999999996,Lherzolite
586,44.5,3.1,3.51,47.31627,Lherzolite
587,43.69,3.04,3.491,48.61,Lherzolite
588,44.95,3.17,3.12,46.42,Lherzolite
589,45.1,2.74,3.12,47.09,Lherzolite
590,44.75,2.7,3.12,47.83231,Lherzolite
591,44.7,2.92,3.56,47.674859999999995,Lherzolite
592,43.53,1.41,3.42,50.72992,Lherzolite
593,44.44,2.85,3.56,50.428979999999996,Lherzolite
594,44.58,2.7,3.45,50.72797,Lherzolite
595,44.99,3.16,3.13,46.71665,Lherzolite
596,44.62,2.66,3.13,49.08,Lherzolite
597,44.15,4.57,3.14,45.62,Lherzolite
598,45.05,2.82,3.14,47.43,Lherzolite
599,44.98,3.26,3.64,47.65,Lherzolite
600,44.69,2.54,3.59,49.29,Lherzolite
601,45.09,3.0,3.5,49.52534,Lherzolite
602,44.66,2.75,3.15,47.21962,Lherzolite
603,44.87,2.76,3.5,46.74,Lherzolite
604,43.22,3.16,3.16,48.52,Lherzolite
605,44.22,2.6,3.5742,48.89434,Lherzolite
606,44.96,2.97,3.57,50.08312,Lherzolite
607,44.97,2.34,3.17,47.47254,Lherzolite
608,45.5,2.39,3.17,47.11919,Lherzolite
609,44.32,3.03,3.64,47.520309999999995,Lherzolite
610,46.55,2.96,3.595,46.26,Harzburgite
611,44.03342667,2.7146265,3.170815482,49.06354237,Lherzolite
612,44.37,2.72,3.18,47.87585,Lherzolite
613,44.57,3.54,3.19,45.98209,Lherzolite
614,44.56,2.81,3.19,47.86837,Lherzolite
615,43.9,2.73,3.19,48.7511,Lherzolite
616,44.53,2.69,3.6,48.04,Lherzolite
617,45.2,3.28,3.2,46.087559999999996,Lherzolite
618,44.22,2.92,3.58,48.4,Lherzolite
619,43.79,3.2,3.2,49.15,Lherzolite
620,44.48,3.23,3.21,46.88,Lherzolite
621,44.79,2.78,3.21,48.19494,Lherzolite
622,45.12,4.47,3.21,46.62,Lherzolite
623,44.4,2.42,3.22,47.93362,Lherzolite
624,43.8,3.08,3.22,48.09717,Lherzolite
625,44.95,3.17,3.64,47.23,Lherzolite
626,45.09,3.33,3.74,46.98,Lherzolite
627,44.55,2.87,3.59,48.49,Lherzolite
628,44.5,3.16,3.6,50.649190000000004,Lherzolite
629,45.8,3.59,3.57,45.16747,Lherzolite
630,45.23,2.71,3.24,46.73,Lherzolite
631,43.82,3.12,3.24,51.17458,Lherzolite
632,45.24,2.78,3.25,47.96,Lherzolite
633,42.97,3.53,3.6460000000000004,48.91,Lherzolite
634,45.27,3.11,3.25,47.79,Lherzolite
635,41.64,1.96,3.74,50.99905,Lherzolite
636,44.39,0.94,3.72,49.66598,Lherzolite
637,44.25,2.54,3.27,48.5292,Lherzolite
638,43.42,3.41,3.29,45.14911,Lherzolite
639,44.3,3.75,3.29,45.05382,Lherzolite
640,44.52,2.97,3.29,47.64,Lherzolite
641,44.23,2.47,3.63,48.3,Lherzolite
642,44.21127874,2.573072425,3.2963993560000002,49.039663700000006,Lherzolite
643,45.08,2.95,3.3,45.61877,Lherzolite
644,44.6,2.9,3.3,48.3,Lherzolite
645,43.8,3.77,3.31,47.044940000000004,Lherzolite
646,44.42,3.25,3.31,47.34901,Lherzolite
647,49.23,1.72,4.17,43.64627,Lherzolite
648,44.94,3.0,3.32,48.09,Lherzolite
649,43.02,2.58,3.33,47.43163,Lherzolite
650,44.94,3.48,3.33,47.7,Lherzolite
651,44.45,3.43,3.33,48.34,Lherzolite
652,44.1,2.83,3.34,47.4597,Lherzolite
653,44.63,2.7,3.34,47.46948,Lherzolite
654,45.1,3.08,3.71,47.51,Lherzolite
655,45.04,3.13,3.7,43.81174,Lherzolite
656,44.48,2.86,3.35,47.97453,Lherzolite
657,44.41,2.76,3.717,48.46,Lherzolite
658,44.65,2.94,3.35,48.89,Lherzolite
659,43.73831126,1.9942962130000002,3.353790702,49.75772858,Lherzolite
660,43.66,3.59,3.71,47.12446,Lherzolite
661,47.1,3.69,3.36,44.73536,Lherzolite
662,43.48,3.17,3.74,44.83103,Lherzolite
663,45.29,3.1,3.73,45.70486,Lherzolite
664,44.14,3.25,3.37,47.622240000000005,Lherzolite
665,44.58,2.51,3.37,47.95433,Lherzolite
666,43.94,3.3,3.37,48.13534,Lherzolite
667,44.76,3.55,3.73,47.79,Lherzolite
668,44.25,3.72,3.728,47.84,Lherzolite
669,43.8,2.83,3.4,46.92241,Lherzolite
670,44.18,2.98,3.75,46.71,Lherzolite
671,44.57,2.8,3.4,47.82737,Lherzolite
672,45.1,2.76,3.78,47.309509999999996,Lherzolite
673,44.4,2.7,3.4,48.4,Lherzolite
674,44.4,2.34,3.4,48.67961,Lherzolite
675,44.45,2.83,3.75,47.07,Lherzolite
676,44.15,2.92,3.41,48.53484,Lherzolite
677,44.7,3.18,3.42,46.61,Lherzolite
678,44.77,2.52,3.42,47.877159999999996,Lherzolite
679,44.26,2.78,3.42,48.386759999999995,Lherzolite
680,44.35,3.05,3.82,47.75,Lherzolite
681,44.82,3.24,3.42,47.96,Lherzolite
682,44.94,3.69,3.43,45.335440000000006,Lherzolite
683,45.67,3.85,3.43,45.597159999999995,Lherzolite
684,45.44,3.22,3.43,47.68,Lherzolite
685,55.64,0.49,3.81,39.83,Lherzolite
686,43.72,1.11,3.8,51.12,Lherzolite
687,43.87,3.05,3.81,46.75322,Lherzolite
688,46.3,2.9,3.45,44.39345,Lherzolite
689,44.6,2.81,3.45,47.16503,Lherzolite
690,44.3,3.02,3.46,46.58312,Lherzolite
691,43.7,3.34,3.46,47.26181,Lherzolite
692,44.58,2.96,3.86,46.94,Lherzolite
693,42.28,4.59,3.47,43.44962,Lherzolite
694,43.8,3.09,3.47,47.20787,Lherzolite
695,43.37,2.72,3.47,48.39969,Lherzolite
696,44.77,2.87,3.47,48.128679999999996,Lherzolite
697,45.61,3.24,3.47,47.34,Lherzolite
698,44.96,2.84,3.48,47.68403,Lherzolite
699,45.53,3.01,3.48,47.65,Lherzolite
700,44.06,3.73,3.49,44.41689,Lherzolite
701,43.07,2.64,3.49,47.78739,Lherzolite
702,44.3,2.85,3.49,47.1799,Lherzolite
703,44.79,3.21,3.84,46.12,Lherzolite
704,44.29,2.68,3.49,47.69574,Lherzolite
705,45.02,3.3,3.49,46.54103,Lherzolite
706,44.29,3.3,3.853,47.21,Lherzolite
707,45.92,6.86,3.49,43.14,Lherzolite
708,44.46,3.16,3.89,51.356970000000004,Lherzolite
709,44.19816512,2.7386104060000003,3.498089802,48.03669716,Lherzolite
710,44.79,3.08,3.5,46.91534,Lherzolite
711,42.6,0.79,3.5,51.79888,Harzburgite
712,46.5,3.43,3.5,44.87697,Lherzolite
713,44.5,3.2,3.5,48.2,Lherzolite
714,44.6,3.2,3.5,48.0,Lherzolite
715,44.69,3.16,3.9,49.82423,Lherzolite
716,44.2,3.22,3.9,46.68274,Lherzolite
717,44.1,2.89,3.51,48.02029,Lherzolite
718,45.16,3.13,3.51,46.8304,Lherzolite
719,42.62,3.19,3.52,45.07103,Lherzolite
720,44.48,3.23,3.52,46.37,Lherzolite
721,44.7,2.96,3.52,47.08909,Lherzolite
722,55.33,0.51,3.98,39.59,Lherzolite
723,45.33,4.63,3.53,42.719879999999996,Lherzolite
724,44.5,2.74,3.53,46.650490000000005,Lherzolite
725,45.36,3.7,3.53,45.79817,Lherzolite
726,45.19,3.18,3.91,46.5,Lherzolite
727,41.9,3.08,3.54,42.89,Lherzolite
728,44.1,3.73,3.54,46.18423,Lherzolite
729,44.5,3.23,3.98,46.2,Lherzolite
730,46.9,3.45,3.89,43.49666,Lherzolite
731,44.1,2.77,3.89,48.23364,Lherzolite
732,43.7,3.66,3.56,46.66514,Lherzolite
733,45.63,3.12,3.56,45.34109,Lherzolite
734,45.0,2.61,3.56,46.79766,Lherzolite
735,44.85,3.1,4.02,48.12,Lherzolite
736,44.25,3.0,3.58,46.33,Lherzolite
737,44.8,3.31,3.58,45.677459999999996,Lherzolite
738,43.83,3.89,3.83,46.40842,Lherzolite
739,54.53,5.0,3.58,36.10255,Lherzolite
740,44.7,3.2,3.94,47.27,Lherzolite
741,44.8,2.99,4.01,48.14,Lherzolite
742,43.57,3.01,3.59,47.860009999999996,Lherzolite
743,45.72,2.75,3.59,46.77,Lherzolite
744,44.67,2.99,3.6,46.8008,Lherzolite
745,44.6,2.47,3.97,47.46051,Lherzolite
746,42.89,3.12,3.98,48.4773,Lherzolite
747,44.84,3.2,3.61,47.57756,Lherzolite
748,44.8,4.03,3.96,45.62474,Lherzolite
749,45.13,2.83,3.63,47.12,Lherzolite
750,39.03,3.15,3.65,50.80953,Lherzolite
751,46.74,3.73,3.65,45.18,Lherzolite
752,49.59,16.66,3.66,27.44748,Lherzolite
753,44.5,2.93,4.1,46.8,Lherzolite
754,44.84,3.97,3.66,46.7,Lherzolite
755,44.86,3.95,3.66,46.7,Lherzolite
756,40.84,3.51,3.67,49.1,Lherzolite
757,44.21,3.11,3.67,46.84898,Lherzolite
758,44.94,2.81,3.67,46.302409999999995,Lherzolite
759,44.67,2.97,3.67,46.44962,Lherzolite
760,44.7,2.59,3.67,47.09877,Lherzolite
761,46.34,3.47,4.05,44.16,Lherzolite
762,44.39,3.83,4.09,47.78,Lherzolite
763,44.0,3.97,3.68,45.86403,Lherzolite
764,45.2,4.4,3.68,44.35494,Lherzolite
765,55.35,0.55,4.14,39.57,Lherzolite
766,46.51,2.6,3.69,45.101729999999996,Lherzolite
767,44.1,3.8,3.69,46.442209999999996,Lherzolite
768,44.99,3.44,3.69,46.45635,Lherzolite
769,44.02,3.06,3.7,47.60002,Lherzolite
770,44.18,3.37,3.98,47.02357,Lherzolite
771,45.0,3.4,3.7,47.1,Lherzolite
772,45.6,3.1,3.7,47.4,Lherzolite
773,44.2,3.55,3.71,45.28989,Lherzolite
774,44.71,3.12,3.71,46.91,Lherzolite
775,44.24,3.22,4.0799,47.59353,Lherzolite
776,44.15,3.29,3.72,46.67342,Lherzolite
777,44.55,3.31,3.72,46.90837,Lherzolite
778,44.72,3.43,3.72,47.06787,Lherzolite
779,44.49,3.35,4.253,45.6219,Lherzolite
780,44.59,3.03,4.07,46.31,Lherzolite
781,44.61,2.95,4.119,47.21,Lherzolite
782,44.87,2.95,4.1160000000000005,47.59,Lherzolite
783,43.85,3.12,3.74,46.59,Lherzolite
784,44.87,3.07,3.74,45.962309999999995,Lherzolite
785,44.22,3.18,4.09,48.83,Lherzolite
786,44.7,3.76,3.76,45.47868,Lherzolite
787,44.7,3.04,4.145,46.81,Lherzolite
788,44.54,3.16,3.77,46.60958,Lherzolite
789,44.93,3.6,3.77,46.03536,Lherzolite
790,44.32,4.53,3.78,43.23,Lherzolite
791,44.0,2.88,4.2,46.2,Lherzolite
792,43.36,3.04,3.78,48.48787,Lherzolite
793,43.73,3.55,3.79,45.31234,Lherzolite
794,43.09,3.37,3.8,46.71363,Lherzolite
795,45.07,3.27,3.81,46.7,Lherzolite
796,55.15,0.51,4.19,40.26,Lherzolite
797,44.0,3.7,3.82,46.29322,Lherzolite
798,44.01,3.36,3.82,47.09624,Lherzolite
799,44.75,3.18,3.82,47.55,Lherzolite
800,44.0,2.85,3.83,46.900209999999994,Lherzolite
801,54.13,0.51,4.19,39.36,Lherzolite
802,43.3,3.42,3.84,43.742340000000006,Lherzolite
803,44.48,3.2,3.84,46.50302,Lherzolite
804,44.64,2.88,4.227,47.47,Lherzolite
805,45.73,2.98,3.84,46.55,Lherzolite
806,43.8,4.22,3.85,45.69999,Lherzolite
807,47.21,3.01,3.85,44.66644,Lherzolite
808,44.83,3.29,4.246,46.79,Lherzolite
809,45.66,3.23,3.85,46.69,Lherzolite
810,44.73,3.29,4.32,45.98,Lherzolite
811,44.95,3.37,3.86,46.254740000000005,Lherzolite
812,44.83,3.71,4.19,47.29,Lherzolite
813,45.62,3.28,3.87,45.52153,Lherzolite
814,44.94,3.49,3.87,47.37,Lherzolite
815,43.95,3.04,4.26,47.25,Lherzolite
816,44.6,2.84,3.89,46.65948,Lherzolite
817,45.7,4.29,4.37,44.9,Lherzolite
818,45.02,3.22,4.32,47.74,Lherzolite
819,45.92,3.24,4.29,44.61,Lherzolite
820,45.74,4.67,3.9,44.61,Lherzolite
821,45.3,3.1,3.9,47.5,Lherzolite
822,47.21,3.02,3.91,42.78058,Lherzolite
823,45.4,3.38,4.36,45.12,Lherzolite
824,44.84,3.45,4.31,46.73,Lherzolite
825,45.72,3.52,4.3,46.42,Lherzolite
826,45.48,4.49,4.28,47.52221,Lherzolite
827,48.93,3.7,3.92,40.668209999999995,Lherzolite
828,44.2,4.04,3.92,45.4203,Lherzolite
829,45.11,3.33,3.92,46.15898,Lherzolite
830,45.1,2.66,4.23,46.998999999999995,Lherzolite
831,44.99,3.6,4.27,46.04,Lherzolite
832,45.07,3.55,4.27,46.34,Lherzolite
833,43.95,3.0,4.32,46.96,Lherzolite
834,45.2,3.08,3.96,45.51453,Lherzolite
835,45.54,3.35,4.378,46.3,Lherzolite
836,45.5,3.33,4.374,46.43,Lherzolite
837,44.2,2.79,3.97,45.91708,Lherzolite
838,46.02,3.88,3.97,45.200590000000005,Lherzolite
839,44.95,3.74,3.97,47.17,Lherzolite
840,45.14,3.62,4.31,46.16,Lherzolite
841,45.8,3.76,3.99,43.8415,Lherzolite
842,47.78,4.48,4.12,40.908,Lherzolite
843,54.42,0.5,4.33,39.67,Lherzolite
844,45.15,4.28,3.99,45.83,Lherzolite
845,44.6,4.01,4.37,45.22,Lherzolite
846,44.6,3.7,4.0,46.5,Lherzolite
847,44.46,2.8,4.33,47.124959999999994,Lherzolite
848,44.8,3.3,4.0,46.9,Lherzolite
849,45.2,3.3,4.0,46.5,Lherzolite
850,45.07,3.26,4.01,45.71648,Lherzolite
851,44.4,3.29,4.01,46.66608,Lherzolite
852,45.25,3.55,4.02,45.4206,Lherzolite
853,44.25,3.35,4.41,46.6,Lherzolite
854,44.13,2.76,4.06,45.63739,Lherzolite
855,45.07,3.68,4.06,45.10382,Lherzolite
856,42.93,7.88,4.22,42.80669,Lherzolite
857,45.45,3.53,4.4639999999999995,45.56,Lherzolite
858,43.98,4.05,4.1,44.01527,Lherzolite
859,44.6,3.42,4.49,46.6,Lherzolite
860,46.01,4.03,4.1,45.41,Lherzolite
861,45.18,3.26,4.12,45.02352,Lherzolite
862,45.46,3.32,4.55,47.13,Lherzolite
863,44.72,3.34,4.14,45.681000000000004,Lherzolite
864,43.8,3.63,4.14,46.29788,Lherzolite
865,53.39,2.09,4.14,38.33,Lherzolite
866,45.03,2.96,4.53,46.76,Lherzolite
867,43.87,2.92,4.56,46.475359999999995,Lherzolite
868,52.1,22.96,5.17,18.94,Lherzolite
869,40.53,3.49,4.18,46.97,Lherzolite
870,42.71,6.13,4.18,43.71,Lherzolite
871,46.33,3.4,4.18,44.2408,Lherzolite
872,45.38,3.71,4.52,45.3605,Lherzolite
873,41.96,3.33,4.49,46.03598,Lherzolite
874,44.65,3.99,4.22,44.95827,Lherzolite
875,43.3,4.92,4.26,43.282340000000005,Lherzolite
876,45.04,3.59,4.26,45.29595,Lherzolite
877,55.08,0.49,4.54,39.97,Lherzolite
878,45.26,2.84,4.665,46.82,Lherzolite
879,46.15,4.05,4.64,43.75,Lherzolite
880,44.7,3.27,4.31,45.64372,Lherzolite
881,44.15,3.0,4.74,46.42,Lherzolite
882,44.18,3.46,4.4,45.317190000000004,Lherzolite
883,45.19,3.49,4.803,45.81,Lherzolite
884,44.7,4.14,4.85,44.848490000000005,Lherzolite
885,43.42,3.04,4.985,47.77,Lherzolite
886,48.2,6.39,4.46,40.14785,Lherzolite
887,45.63,4.18,4.98,44.67223,Lherzolite
888,52.74,3.35,4.49,38.24,Lherzolite
889,44.56,3.87,4.53,45.324529999999996,Lherzolite
890,44.96,3.64,5.06,43.556340000000006,Lherzolite
891,45.37,3.53,4.988,45.45,Lherzolite
892,45.14,3.66,4.95,45.7282,Lherzolite
893,44.11,3.14,4.66,45.25595,Lherzolite
894,46.79,2.45,4.66,45.30688,Lherzolite
895,45.3,4.1,4.7,44.7,Lherzolite
896,47.97,3.84,4.72,40.493759999999995,Lherzolite
897,48.05,2.68,4.74,44.11991,Lherzolite
898,45.53,3.43,5.171,45.21,Lherzolite
899,44.69,3.77,5.15,44.38483,Lherzolite
900,44.55,3.7,5.19,45.2,Lherzolite
901,51.41,22.22,5.7,18.21,Lherzolite
902,51.38,21.96,5.56,18.55,Lherzolite
903,48.02,2.97,5.13,42.24406,Lherzolite
904,43.68,4.74,5.547000000000001,45.37,Lherzolite
905,45.3,4.33,5.25,43.5085,Lherzolite
906,43.86,1.92,4.92,47.29455,Lherzolite
907,44.21,6.62,5.39,42.00497,Lherzolite
908,51.81,14.16,4.96,26.42,Lherzolite
909,47.7,4.04,4.99,41.66,Lherzolite
910,52.09,22.07,6.21,18.15,Lherzolite
911,51.32,2.42,5.17,38.462309999999995,Lherzolite
912,49.76,1.94,5.65,40.3477,Lherzolite
913,45.8,5.34,5.76,41.52,Lherzolite
914,41.44,2.96,5.4,46.25306,Lherzolite
915,46.0,4.9,5.46,42.0,Lherzolite
916,52.06,20.78,5.73,17.68,Lherzolite
917,52.41,5.43,5.58,34.77,Lherzolite
918,43.42,2.84,6.86,45.673559999999995,Lherzolite
919,42.65,3.47,5.98,43.46709,Lherzolite
920,51.85,20.78,6.99,17.63,Lherzolite
921,41.02,3.43,6.33,47.36322,Lherzolite
922,44.6,3.34,7.36,43.73,Lherzolite
923,51.55,20.94,7.3,17.87,Lherzolite
924,41.44,4.45,6.75,44.69972,Lherzolite
925,48.09,10.53,7.02,31.3981,Wehrlite
926,48.67,15.25,7.55,25.31,Lherzolite
927,44.25,8.14,7.88,35.54356,Wehrlite
928,44.82,8.12,8.41,36.30093,Wehrlite
929,48.93,8.98,8.69,31.051440000000003,Wehrlite
930,38.77,11.03,9.31,28.695,Lherzolite
931,41.33,9.01,10.84,24.79267,Lherzolite
932,41.85,8.57,11.01,25.0351,Lherzolite
933,44.5,9.03,11.22,22.95426,Lherzolite
934,42.56,8.72,11.28,24.4362,Lherzolite
935,43.49,8.6,11.88,23.67417,Lherzolite
936,44.34,10.53,12.04,19.70166,Lherzolite
937,44.34,10.53,12.04,19.70166,Lherzolite
938,44.11,9.64,12.55,21.59306,Lherzolite
939,43.78,8.92,14.06,22.33094,Lherzolite
940,43.31,9.15,14.17,21.56186,Lherzolite
941,46.1,8.18,14.42,20.06,Lherzolite
942,33.32,0.14,0.07,48.45008,Dunite
943,39.8,0.05,0.04,56.43829,Dunite
944,36.3,0.21,0.06,51.56725,Dunite
945,33.54,0.21,0.26,47.22834,Dunite
946,35.25,0.1,0.28,47.76886,Harzburgite
947,41.79,0.58,0.09,57.52,Dunite
948,41.3,0.16,0.1,58.14,Dunite
949,40.6,0.66,0.11,58.53,Dunite
950,34.44,0.2,0.44,49.71098,Dunite
951,41.47,0.48,0.12,57.7,Dunite
952,40.2,0.21,0.3,57.697669999999995,Dunite
953,46.26,0.49,0.12,51.522729999999996,Lherzolite
954,46.6,0.32,0.13,50.60172,Dunite
955,34.17,0.14,0.41,47.397059999999996,Harzburgite
956,40.12,0.34,0.15,57.80356999999999,Dunite
957,43.92,0.08,0.16,53.9494,Harzburgite
958,41.12,0.69,0.18,56.31998000000001,Dunite
959,39.21,0.25,0.41,51.68685,Dunite
960,41.87,0.14,0.68,55.91463,Harzburgite
961,42.27,0.41,0.38,55.3413,Dunite
962,43.28,0.17,0.19,56.09636999999999,Harzburgite
963,38.7,3.48,0.19,56.360569999999996,Dunite
964,33.01,0.14,0.2,48.3111,Dunite
965,33.01,0.14,0.47,48.3111,Dunite
966,39.0,0.05,0.2,51.61575,Dunite
967,40.0,0.03,0.43,58.61059,Dunite
968,41.03,0.28,0.22,58.54,Dunite
969,40.4,0.24,0.23,58.04,Dunite
970,40.5,0.2,0.23,58.569309999999994,Dunite
971,40.04,0.5,0.24,58.52,Dunite
972,40.0,0.4,0.25,48.4617,Dunite
973,39.91,0.28,0.27,58.41,Dunite
974,40.83,0.05,0.47,58.43026,Dunite
975,39.47,0.15,0.67,48.06937,Dunite
976,37.02,0.16,0.28,53.58962,Dunite
977,40.48,0.08,0.5,57.49211,Dunite
978,40.2,0.32,0.3,57.391000000000005,Dunite
979,41.66,0.43,0.3,57.02275,Dunite
980,39.89,0.12,0.682,56.8699,Dunite
981,39.8,0.33,0.34,48.391999999999996,Dunite
982,42.45,0.37,0.64,55.43938000000001,Dunite
983,40.97,0.35,0.34,56.741409999999995,Dunite
984,40.52,0.38,0.34,57.48,Dunite
985,39.41,0.47,0.34,59.07,Dunite
986,40.5,0.45,0.5,57.45162,Dunite
987,38.3,0.44,0.73,48.29967,Dunite
988,39.68,0.03,0.61,59.0905,Dunite
989,38.31,0.19,0.38,55.69345,Dunite
990,36.74,0.14,0.81,46.94462,Harzburgite
991,39.47,0.15,0.7,47.56664,Dunite
992,37.55,7.34,0.4,52.67462,Wehrlite
993,38.8,0.24,0.4,59.21,Dunite
994,42.28,0.27,0.85,55.17524,Dunite
995,40.77,0.02,1.68,57.54,Dunite
996,41.64,0.13,0.44,56.44634,Dunite
997,40.09,0.14,0.8,57.934540000000005,Dunite
998,39.75,0.4,0.45,57.4,Dunite
999,34.5,0.37,0.71,45.51169,Harzburgite
1000,43.41,0.29,1.01,53.8216,Harzburgite
1001,40.15,0.18,0.48,56.82516999999999,Dunite
1002,40.22,0.34,0.5,57.39,Dunite
1003,39.9,0.75,0.5,56.1779,Dunite
1004,39.49,0.49,0.51,58.81,Dunite
1005,39.77,0.2,0.52,58.17,Dunite
1006,39.57,0.36,0.53,57.85,Dunite
1007,40.89,0.4,1.0,55.79031,Harzburgite
1008,39.76,0.47,0.55,56.91,Dunite
1009,43.0,0.1,0.56,54.73345,Harzburgite
1010,41.8,0.43,0.57,56.71,Dunite
1011,40.8,0.54,0.93,50.66695,Harzburgite
1012,43.58,0.7,0.61,53.42,Harzburgite
1013,39.89,0.73,0.61,58.44,Dunite
1014,43.1,0.67,0.62,54.609590000000004,Harzburgite
1015,39.23,0.69,0.62,55.741240000000005,Dunite
1016,38.14,0.6,1.04,48.453920000000004,Dunite
1017,43.7,2.06,0.63,53.7199,Harzburgite
1018,40.04,0.3,0.64,58.94,Dunite
1019,38.92,0.38,0.64,74.26751999999999,Dunite
1020,38.43,0.5,0.99,46.82816,Dunite
1021,39.21,0.56,0.65,57.28,Dunite
1022,40.56,2.4,0.9093316570000001,55.84253055,Lherzolite
1023,39.72,0.29,0.7,57.3,Dunite
1024,38.75,0.5,0.7,54.75,Dunite
1025,39.0,0.6,1.3,57.3,Dunite
1026,38.61,1.37,0.71,55.97,Dunite
1027,39.64,0.27,0.73,57.62,Dunite
1028,43.2,0.85,0.74,54.27,Harzburgite
1029,39.1,0.8,0.74,58.22,Dunite
1030,44.07,0.54,1.21,52.650690000000004,Harzburgite
1031,42.68,0.78,0.77,53.54362,Harzburgite
1032,42.54,0.71,0.78,54.23766,Harzburgite
1033,44.24,0.84,0.78,52.9216,Harzburgite
1034,44.52,0.84,1.21,52.19251,Harzburgite
1035,42.61,0.4,0.8,54.61656,Harzburgite
1036,39.6,0.35,0.8,57.1,Dunite
1037,42.39,0.76,0.81,54.13958,Harzburgite
1038,39.59,0.23,0.83,59.18,Dunite
1039,35.86,0.0,1.14,48.02447,Harzburgite
1040,39.33,0.18,1.23,58.80395,Dunite
1041,43.53,0.27,0.87,39.7032,Harzburgite
1042,39.75,0.43,0.87,58.65,Dunite
1043,39.04,0.04,1.12,59.11981,Dunite
1044,39.8,0.5,1.44,58.0,Dunite
1045,39.4,0.7,1.41,57.8,Dunite
1046,41.57,1.21,0.91,54.17,Harzburgite
1047,38.78,0.05,1.91,57.637,Dunite
1048,35.22,0.62,0.94,58.14,Dunite
1049,40.0,0.53,0.98,43.0011,Harzburgite
1050,39.94,0.31,0.98,58.02,Dunite
1051,39.29,0.07,1.54,43.908359999999995,Harzburgite
1052,41.79,3.3,1.26,51.7381,Lherzolite
1053,40.99,4.32,1.6780000000000002,49.51,Wehrlite
1054,39.59,0.3,1.09,58.25,Dunite
1055,40.85,2.46,1.19,54.39,Lherzolite
1056,39.57,0.44,1.26,57.64,Dunite
1057,39.36,0.61,1.27,57.52,Dunite
1058,38.42,0.27,1.28,56.37862,Harzburgite
1059,38.3,0.14,3.98,55.97586999999999,Dunite
1060,41.82,5.02,1.986,49.73,Wehrlite
1061,43.26,1.41,1.42,52.27446,Lherzolite
1062,38.59,0.3,1.63,46.80236,Dunite
1063,40.27,0.96,1.44,56.89,Dunite
1064,40.74,0.07,1.48,57.38778000000001,Dunite
1065,39.91,1.57,1.65,56.42,Dunite
1066,43.99,0.64,1.72,52.16129,Harzburgite
1067,40.65,0.05,1.73,56.67061999999999,Dunite
1068,45.88,0.81,2.248,50.3,Harzburgite
1069,45.91,0.81,2.251,50.59,Harzburgite
1070,39.72,0.81,1.84,56.01,Dunite
1071,38.37,1.69,1.97,52.785790000000006,Lherzolite
1072,40.7,0.72,3.05,52.69688000000001,Wehrlite
1073,42.85,1.12,2.04,52.37678,Lherzolite
1074,39.99,0.57,2.59,54.942240000000005,Dunite
1075,45.22,1.59,2.59,48.67,Lherzolite
1076,43.01,8.84,2.951649906,45.33150989,Wehrlite
1077,39.2,0.22,3.01,46.86224,Dunite
1078,40.1,2.1,3.36,51.5,Lherzolite
1079,43.59,2.52,3.33,48.92,Lherzolite
1080,43.83,2.53,3.51,47.94,Lherzolite
1081,38.24,1.26,4.68,53.87741,Dunite
1082,39.38,1.08,3.49,43.71771,Lherzolite
1083,42.72,2.45,3.83,48.03,Lherzolite
1084,41.43,1.11,4.45,50.96,Dunite
1085,36.93,0.23,5.78,56.54,Dunite
1086,36.69,0.59,4.83,56.275319999999994,Dunite
1087,40.2,1.07,8.99,46.47375,Lherzolite
1088,38.38,1.17,9.6,50.41,Dunite
1089,36.82,0.48,10.24,52.12,Dunite
1090,44.93,12.37,16.72,16.9,Lherzolite
1091,45.82,13.9,17.61,15.44,Lherzolite
1092,48.41,12.62,22.55,11.97,Lherzolite
1093,46.17,9.63,13.05,22.47063,Lherzolite
1094,47.29,16.07,18.54,14.66,Lherzolite
1095,44.0,12.28,11.92,25.80175,Lherzolite
1096,43.98,10.31,11.76,25.93751,Lherzolite
1097,43.2,9.27,8.0,31.112059999999996,Wehrlite
1098,50.69,17.97,4.95,23.45945,Lherzolite
1099,47.09,11.83,6.52,31.53285,Wehrlite
1100,45.32,10.38,6.44,35.097190000000005,Wehrlite
1101,50.21,17.7,1.77,27.33415,Wehrlite
1102,42.53,7.23,7.44,34.654,Wehrlite
1103,49.02,16.59,2.33,28.83496,Lherzolite
1104,46.8,13.71,5.92,32.45,Wehrlite
1105,42.59,7.76,4.16,43.80092,Lherzolite
1106,42.32,10.28,5.99,34.84142,Wehrlite
1107,43.47,8.67,4.04,40.58437,Wehrlite
1108,40.62,6.05,5.44,37.88227,Wehrlite
1109,44.5,10.45,4.83,37.79237,Wehrlite
1110,41.7,7.5,3.98,37.0698,Wehrlite
1111,44.5,8.87,3.57,39.66163,Wehrlite
1112,42.27,5.81,5.07,44.020540000000004,Lherzolite
1113,43.64,9.06,3.79,40.35436,Wehrlite
1114,38.44,3.46,4.58,43.06621,Lherzolite
1115,42.61,10.39,1.34,40.1001,Harzburgite
1116,45.42,7.54,2.89,43.2684,Lherzolite
1117,40.54,6.0,3.32,48.0975,Wehrlite
1118,47.15,9.85,1.62,39.97163,Wehrlite
1119,42.96,6.12,6.55,43.94932,Lherzolite
1120,41.2,5.73,3.75,45.5557,Wehrlite
1121,42.61,7.99,6.696000000000001,40.417759999999994,Wehrlite
1122,42.56,7.14,2.99,46.55,Wehrlite
1123,41.9,7.29,1.94,45.52407,Wehrlite
1124,41.3,5.05,2.29,47.59277,Lherzolite
1125,41.7,5.22,2.55,49.44355,Lherzolite
1126,42.59,6.51,3.93,46.17,Lherzolite
1127,39.84,2.71,2.98,52.70604,Lherzolite
1128,42.36,4.57,3.14,48.64,Lherzolite
1129,40.93,4.93,1.83,49.566,Wehrlite
1130,41.0,4.0,3.0,49.0,Lherzolite
1131,41.05,4.23,2.6689999999999996,48.93891,Lherzolite
1132,43.57,6.59,1.19,48.22,Lherzolite
1133,44.44,4.0,3.13,46.6,Lherzolite
1134,40.35,3.78,5.79,48.95617,Lherzolite
1135,42.32,4.15,1.26,50.120329999999996,Wehrlite
1136,40.48,2.12,3.16,53.06053000000001,Lherzolite
1137,42.16,4.03,1.9,49.92022,Wehrlite
1138,41.34,2.82,1.12,53.00354,Wehrlite
1139,41.96,4.34,0.42,52.5679,Wehrlite
1140,42.25,3.2,1.99,50.433040000000005,Wehrlite
1141,38.48,1.15,1.54,55.4896,Dunite
1142,42.66,3.19,1.8,49.78042,Wehrlite
1143,41.49,2.96,1.33,52.34012,Lherzolite
1144,42.69,3.38,2.36,50.62,Wehrlite
1145,42.7,2.82,1.97,50.62668,Wehrlite
1146,42.14,2.59,2.02,51.01,Wehrlite
1147,42.54,2.82,0.86,50.78,Wehrlite
1148,42.8,3.4,0.46,52.3,Wehrlite
1149,42.47,3.09,1.48,51.140190000000004,Lherzolite
1150,41.39,4.54,1.29,51.155254,Wehrlite
1151,41.26,4.58,1.34,51.265234,Wehrlite
1152,39.75,1.36,4.39,52.735969999999995,Dunite
1153,38.38,1.31,2.57,56.098119999999994,Wehrlite
1154,43.39,2.34,0.96,51.93,Lherzolite
1155,42.08,2.44,1.22,53.69,Lherzolite
1156,42.01,2.15,1.02,53.48,Lherzolite
1157,44.03,1.84,0.91,51.96,Lherzolite
1158,41.44,3.03,2.22,51.677298,Wehrlite
1159,40.05,1.78,1.1,54.65,Lherzolite
1160,41.09,2.98,0.61,52.77,Wehrlite
1161,40.53,1.7,2.75,52.610209999999995,Lherzolite
1162,41.5,2.49,0.72,54.68,Lherzolite
1163,41.75,1.72,1.03,53.98132,Lherzolite
1164,39.87,0.37,0.65,58.87,Dunite
1165,41.35,1.36,0.17,56.72,Harzburgite
1166,29.13,0.16,0.86,49.57575,Harzburgite
1167,29.39,0.14,0.98,49.346959999999996,Harzburgite
1168,33.64,0.07,0.44,46.45896,Dunite
1169,32.18,0.32,0.58,47.67685,Dunite
1170,35.69,3.52,0.07,41.966229999999996,Harzburgite
1171,35.35,0.07,0.5,45.63179,Harzburgite
1172,35.53,0.35,0.44,45.67593,Harzburgite
1173,35.12,0.08,0.45,46.36977,Harzburgite
1174,38.17,0.07,1.1,42.64027,Harzburgite
1175,34.61,0.08,1.05,46.402,Harzburgite
1176,36.23,0.06,0.43,45.53856,Harzburgite
1177,34.14,0.02,1.26,47.105340000000005,Harzburgite
1178,35.9,0.31,0.53,46.06058,Harzburgite
1179,36.37,0.29,0.56,45.745020000000004,Harzburgite
1180,36.49,0.5,0.65,45.433,Harzburgite
1181,36.97,0.41,0.8,45.07846,Harzburgite
1182,35.26,0.33,0.82,46.897420000000004,Harzburgite
1183,36.01,0.66,0.68,46.21836,Harzburgite
1184,38.19,0.0,1.29,44.24964,Harzburgite
1185,36.41,0.43,0.57,46.72472,Harzburgite
1186,38.08,0.81,1.31,43.94765,Harzburgite
1187,36.46,0.22,0.4,47.111290000000004,Harzburgite
1188,35.45,0.36,0.5,48.03553,Harzburgite
1189,37.09,0.58,0.87,45.86492,Harzburgite
1190,37.58,0.46,0.53,46.13876,Harzburgite
1191,38.92,0.58,1.0,44.33987,Harzburgite
1192,37.46,0.03,1.09,46.21614,Harzburgite
1193,40.8,0.46,0.79,42.860040000000005,Harzburgite
1194,37.57,0.55,0.82,46.01351,Harzburgite
1195,37.78,0.54,0.55,46.08886,Harzburgite
1196,39.7,0.44,0.27,44.13895,Harzburgite
1197,40.8,0.64,0.32,43.19378,Harzburgite
1198,36.84,0.63,0.7,46.98513,Harzburgite
1199,38.41,0.56,1.28,44.98219,Harzburgite
1200,35.72,0.16,0.4,49.15725,Harzburgite
1201,37.57,0.55,1.03,46.55028,Harzburgite
1202,36.81,0.33,0.4,48.2425,Dunite
1203,38.42,0.79,0.91,45.73755,Harzburgite
1204,37.76,0.69,0.85,46.658559999999994,Harzburgite
1205,38.7,0.62,0.96,45.964620000000004,Harzburgite
1206,40.93,0.74,1.46,43.331790000000005,Harzburgite
1207,38.56,0.86,0.91,46.1422,Harzburgite
1208,39.21,1.66,0.8,44.81563,Harzburgite
1209,38.85,0.89,1.0,45.89119,Harzburgite
1210,38.35,0.53,0.86,46.913309999999996,Dunite
1211,38.62,0.79,0.93,47.015229999999995,Dunite
1212,38.61,0.23,0.59,48.55553,Dunite
1213,38.77,1.84,0.75,46.52225,Harzburgite
1214,38.09,0.13,0.28,49.936240000000005,Dunite
1215,40.44,0.13,0.68,47.24673,Harzburgite
1216,39.64,2.42,2.06,44.62207,Harzburgite
1217,40.02,0.47,1.52,47.54099,Harzburgite
1218,39.61,0.8,0.98,48.24089,Dunite
1219,40.36,0.81,1.45,47.06452,Harzburgite
1220,40.6,0.44,0.39,48.00665,Dunite
1221,38.79,1.2,3.79,46.29548,Dunite
1222,41.52,0.06,1.13,47.65605,Harzburgite
1223,40.2,0.35,0.65,49.30664,Dunite
1224,40.2,0.27,0.26,50.57685,Harzburgite
1225,40.7,0.6,0.47,50.05109,Harzburgite
1226,41.46,9.48,1.1,39.73,Harzburgite
1227,40.7,0.6,0.71,50.05109,Harzburgite
1228,42.86,0.42,0.52,48.223,Harzburgite
1229,42.07,3.5,2.04,45.1,Lherzolite
1230,40.64,1.08,0.9,50.18322,Harzburgite
1231,41.24,0.08,0.68,51.780229999999996,Harzburgite
1232,43.97,8.83,1.22,40.17,Harzburgite
1233,40.57,1.25,1.19,51.99,Harzburgite
1234,41.64,0.52,0.64,52.65165354,Harzburgite
1235,43.68,2.93,2.65,46.74174,Lherzolite
1236,43.23,1.52,1.66,49.88113,Harzburgite
1237,43.38,1.37,1.76,49.788909999999994,Harzburgite
1238,42.6,0.19,1.2,52.3708,Harzburgite
1239,42.98,1.1,0.94,51.39,Harzburgite
1240,43.1,1.57,1.2,50.7415,Harzburgite
1241,43.32,4.08,2.55,46.55,Lherzolite
1242,43.8,0.85,0.88,51.04605,Harzburgite
1243,42.25,0.61,0.47,53.27,Harzburgite
1244,43.41,1.34,1.68,50.268809999999995,Harzburgite
1245,46.0,1.32,1.82,47.41584,Lherzolite
1246,42.0,0.0,1.0,54.0,Harzburgite
1247,46.53,2.57,1.74,45.89,Lherzolite
1248,43.88,1.94,2.16,48.757090000000005,Lherzolite
1249,43.63,0.84,1.34,51.10921,Harzburgite
1250,41.87,1.17,1.11,52.72946999999999,Lherzolite
1251,43.9,1.76,1.6,49.7213,Lherzolite
1252,43.38,1.17,1.21,51.24507,Harzburgite
1253,43.65,1.13,1.65,50.61638,Harzburgite
1254,38.99,0.69,0.83,56.478280000000005,Dunite
1255,42.71,0.89,0.96,52.53856999999999,Harzburgite
1256,43.6,1.83,1.4,50.291000000000004,Lherzolite
1257,37.3,0.38,2.3,57.2405,Harzburgite
1258,45.1,0.74,0.76,50.73,Harzburgite
1259,42.12,0.98,1.17,52.8,Harzburgite
1260,43.85,0.7,0.9,51.85,Harzburgite
1261,43.06,1.1,1.2,51.74,Harzburgite
1262,40.85,1.45,0.83,53.34,Lherzolite
1263,43.4,0.8,1.25,51.65,Harzburgite
1264,43.42,0.8,1.24,51.65,Harzburgite
1265,43.99,0.63,0.93,51.92689,Harzburgite
1266,43.7,1.09,1.21,51.40887,Harzburgite
1267,43.29,1.22,2.55,50.36,Lherzolite
1268,42.55,0.68,0.65,53.651509999999995,Harzburgite
1269,42.45,1.35,1.96,51.63749,Harzburgite
1270,44.85,0.09,1.25,51.07241,Harzburgite
1271,42.59,0.92,1.08,52.87809,Harzburgite
1272,42.38,0.93,0.85,53.42564,Harzburgite
1273,42.95,0.04,0.05,54.6282,Harzburgite
1274,41.5,0.97,4.9,50.13584,Lherzolite
1275,39.5,0.06,1.2,56.3182,Harzburgite
1276,42.82,1.41,0.55,52.74,Harzburgite
1277,43.54,1.07,0.91,52.13978,Harzburgite
1278,42.43,0.56,0.8,53.84534,Harzburgite
1279,42.7,1.11,1.2,52.7607,Harzburgite
1280,38.8,0.32,1.6,57.0799,Dunite
1281,41.89,0.98,0.65,53.78,Harzburgite
1282,42.93,1.27,0.79,52.21,Harzburgite
1283,39.64,0.27,0.7,57.03,Dunite
1284,44.42,0.42,0.5,52.455740000000006,Harzburgite
1285,42.03,2.06,1.67,51.180620000000005,Lherzolite
1286,42.36,0.64,1.44,53.25436,Harzburgite
1287,41.86,2.28,0.74,52.5,Harzburgite
1288,43.87,1.1,1.14,51.347159999999995,Harzburgite
1289,43.25,0.65,0.5,53.45,Harzburgite
1290,43.73,0.94,1.659,51.51705,Harzburgite
1291,41.99,0.65,0.66,54.51484,Harzburgite
1292,43.49,0.79,1.39,52.08567,Harzburgite
1293,39.7,0.78,0.82,56.51504134,Dunite
1294,43.66,0.59,0.53,53.03,Harzburgite
1295,44.24,0.73,0.7,52.29402,Harzburgite
1296,41.87,0.1,0.57,55.4,Dunite
1297,43.29,0.78,1.45,52.17,Harzburgite
1298,43.38,0.69,0.8,52.95766,Harzburgite
1299,42.12,1.47,0.66,53.4,Harzburgite
1300,42.82,1.46,0.9,52.79736,Harzburgite
1301,44.4,7.27,6.86,38.84304,Lherzolite
1302,42.86,0.64,1.28,53.22433,Harzburgite
1303,42.63,0.72,0.46,54.07,Harzburgite
1304,43.8,1.01,1.02,52.11231,Harzburgite
1305,42.43,2.36,0.84,51.96,Harzburgite
1306,42.4,1.68,0.76,52.57,Harzburgite
1307,42.46,1.52,0.6,53.05,Harzburgite
1308,43.56,0.72,1.0,52.76928,Harzburgite
1309,44.41,0.71,1.3,51.54,Harzburgite
1310,43.11,0.04,0.03,54.91335,Harzburgite
1311,42.53,1.38,0.8,53.12,Harzburgite
1312,43.27,1.62,1.62,51.44,Lherzolite
1313,42.58,0.89,0.54,53.8,Harzburgite
1314,42.68,1.54,1.49,52.29786,Lherzolite
1315,43.72,0.8,0.63,52.74,Harzburgite
1316,44.83,1.33,1.2,50.715540000000004,Lherzolite
1317,43.23,0.73,0.64,53.36,Harzburgite
1318,42.12,0.71,0.51,54.59,Harzburgite
1319,43.72,0.91,0.58,52.74,Harzburgite
1320,43.48,0.65,0.55,53.32,Harzburgite
1321,41.4,0.2,0.6,55.89321999999999,Harzburgite
1322,42.6,0.51,0.73,54.24,Harzburgite
1323,43.58,0.8,0.57,52.82,Harzburgite
1324,45.18,1.06,0.87,51.0818,Harzburgite
1325,41.39,0.62,0.81,55.37777,Harzburgite
1326,42.46,0.79,2.0,52.36,Lherzolite
1327,42.21,1.13,1.24,53.47424,Harzburgite
1328,41.57,0.57,1.54,54.36,Harzburgite
1329,43.38,0.69,0.57,53.37,Harzburgite
1330,43.3,0.6,1.217,53.08,Harzburgite
1331,47.4,0.17,0.7,49.76526,Lherzolite
1332,43.31,0.86,0.88,53.0808,Harzburgite
1333,43.94,1.06,1.41,51.66403,Harzburgite
1334,43.34,0.52,0.47,53.5,Harzburgite
1335,42.95,0.54,0.41,54.09,Harzburgite
1336,42.85,1.37,1.97,51.911429999999996,Lherzolite
1337,43.9,1.34,1.4,51.5112,Harzburgite
1338,44.4,1.06,0.62,52.02,Harzburgite
1339,42.9,0.91,0.63,53.63,Harzburgite
1340,43.88,0.73,0.52,52.82,Harzburgite
1341,39.59,0.29,0.52,57.84691364,Dunite
1342,45.77,0.66,1.46,50.21,Harzburgite
1343,44.47,0.49,1.48,51.89,Harzburgite
1344,44.5,1.2,1.64,50.71244,Lherzolite
1345,43.24,0.03,0.04,55.055369999999996,Harzburgite
1346,43.7,1.17,2.26,50.98312,Harzburgite
1347,44.2,1.01,1.19,51.82685,Harzburgite
1348,43.8,1.35,1.05,52.10777,Harzburgite
1349,43.41,0.03,0.06,54.89224,Harzburgite
1350,43.88,0.83,0.86,52.78836999999999,Harzburgite
1351,45.77,0.28,0.3,51.99967,Harzburgite
1352,43.5,1.13,0.94,52.763119999999994,Harzburgite
1353,42.34,0.82,0.43,54.57,Harzburgite
1354,41.27,1.06,0.81,55.17,Harzburgite
1355,39.75,0.55,0.45,57.55680097,Dunite
1356,42.6,0.72,1.2,53.8809,Harzburgite
1357,43.74,0.68,0.81,52.97858000000001,Harzburgite
1358,43.5,1.07,1.21,52.6213,Harzburgite
1359,43.11,1.55,1.2,52.50606,Lherzolite
1360,43.61,0.88,1.51,52.089209999999994,Harzburgite
1361,43.23,0.91,0.54,53.54,Harzburgite
1362,43.41,0.65,0.69,53.625980000000006,Harzburgite
1363,43.83,0.85,1.14,52.614830000000005,Harzburgite
1364,45.6,1.19,1.87,49.66503,Lherzolite
1365,44.55,0.7,1.05,52.05,Harzburgite
1366,46.1,0.72,1.42,50.14241,Harzburgite
1367,42.42,0.04,0.79,55.21645,Dunite
1368,42.41,0.5,2.09,53.14556999999999,Harzburgite
1369,42.55,0.45,0.42,54.84,Harzburgite
1370,43.51,0.41,0.69,53.85493,Harzburgite
1371,43.08,0.54,0.63,54.08,Harzburgite
1372,41.3,0.54,0.34,56.13,Dunite
1373,43.5,0.66,1.23,53.08433,Harzburgite
1374,43.25,0.52,0.66,54.07,Harzburgite
1375,42.83,0.98,0.67,53.72,Harzburgite
1376,44.9,0.75,0.8,52.0,Harzburgite
1377,43.89,0.55,0.57,53.44,Harzburgite
1378,42.69,0.62,0.49,54.87,Harzburgite
1379,40.93,1.04,0.7433586609999999,55.70112773,Harzburgite
1380,43.3,0.74,1.1,53.18,Harzburgite
1381,41.92,0.59,1.143,54.83,Harzburgite
1382,43.24,0.86,1.04,53.26413,Harzburgite
1383,43.76,2.73,2.59,49.32638,Lherzolite
1384,43.19,0.76,2.51,51.88022,Lherzolite
1385,43.22,0.69,1.04,53.548669999999994,Harzburgite
1386,43.28,0.44,0.58,54.16,Harzburgite
1387,42.42,0.76,0.51,54.75,Harzburgite
1388,43.89,0.76,0.86,53.03079,Harzburgite
1389,42.9,0.49,0.49,54.66,Harzburgite
1390,43.9,1.05,1.28,52.225359999999995,Harzburgite
1391,44.06,1.23,1.62,51.633520000000004,Harzburgite
1392,44.75,1.15,1.12,51.29,Harzburgite
1393,44.14,0.59,0.7,52.71,Harzburgite
1394,43.0,0.89,0.55,53.94,Harzburgite
1395,43.99,1.07,1.29,52.26019,Harzburgite
1396,41.47,1.18,1.33,54.33,Harzburgite
1397,42.97,0.58,0.65,54.356680000000004,Harzburgite
1398,43.58,4.46,0.88,49.64464,Lherzolite
1399,43.25,0.72,1.1,53.41806999999999,Harzburgite
1400,43.09,0.52,0.65,54.28847,Harzburgite
1401,44.0,3.56,4.68,45.85289,Lherzolite
1402,44.32,1.06,1.25,51.92807,Harzburgite
1403,45.68,2.36,0.74,49.71139,Lherzolite
1404,42.83,2.71,2.97,48.9,Lherzolite
1405,43.06,0.72,1.24,53.49,Harzburgite
1406,43.09,0.66,0.66,54.223119999999994,Harzburgite
1407,42.92,0.6,0.92,54.228069999999995,Harzburgite
1408,43.98,0.93,1.24,52.51413,Harzburgite
1409,44.89,0.77,1.37,51.50291,Harzburgite
1410,42.38,0.48,0.93,54.653119999999994,Harzburgite
1411,42.06,1.41,0.53,54.23,Harzburgite
1412,43.64,0.76,1.14,53.08736,Harzburgite
1413,43.76,0.6,0.79,53.24325,Harzburgite
1414,44.18,1.78,1.77,50.76382,Lherzolite
1415,42.33,0.9,2.05,53.33586,Harzburgite
1416,42.79,0.81,1.0061703290000001,54.04647514,Harzburgite
1417,42.07,0.45,1.32,54.78545,Harzburgite
1418,43.48,0.69,1.11,53.228469999999994,Harzburgite
1419,44.65,0.94,1.5,51.19,Harzburgite
1420,44.07,2.58,3.11,48.68,Lherzolite
1421,44.4,0.52,1.31,52.515240000000006,Harzburgite
1422,43.7,0.44,1.2,53.34,Harzburgite
1423,42.69,0.57,1.33,54.0794,Harzburgite
1424,44.06,0.85,1.46,52.31968,Harzburgite
1425,42.38,0.66,0.32,55.32,Harzburgite
1426,44.65,0.95,1.5,51.2,Harzburgite
1427,44.5,0.85,1.4,51.8,Harzburgite
1428,44.51,0.86,1.39,51.79,Harzburgite
1429,44.91,0.44,1.27,52.01746,Harzburgite
1430,43.55,0.83,1.0,53.18153,Harzburgite
1431,43.79,0.49,0.42,54.03,Harzburgite
1432,43.8,0.53,1.59,52.75,Harzburgite
1433,43.36,0.65,1.13,53.56292,Harzburgite
1434,43.73,0.7,0.87,53.3986,Harzburgite
1435,42.85,0.72,1.46,53.45,Harzburgite
1436,42.44,0.76,1.86,53.65,Harzburgite
1437,44.51,1.07,1.29,51.94625,Harzburgite
1438,46.38,1.06,1.09,50.21,Harzburgite
1439,44.39,1.0,1.97,50.99,Harzburgite
1440,43.2,1.05,1.41,52.83334,Harzburgite
1441,43.56,0.52,0.68,53.81335,Harzburgite
1442,44.14,1.35,2.19,50.91052,Lherzolite
1443,42.89,0.77,0.79,54.1507,Harzburgite
1444,43.98,0.66,0.88,53.34355,Harzburgite
1445,43.4,2.84,4.16,48.159209999999995,Lherzolite
1446,43.97,0.63,1.31,52.97214,Harzburgite
1447,44.35,0.82,1.08,52.59675,Harzburgite
1448,41.82,0.76,0.995751,55.12018218,Harzburgite
1449,42.9,0.55,1.4,54.067009999999996,Harzburgite
1450,43.39,0.54,0.7659999999999999,54.24,Harzburgite
1451,43.11,0.68,0.41,54.64,Harzburgite
1452,43.81,0.73,0.85,53.24921,Harzburgite
1453,43.65,0.71,0.892,53.67,Harzburgite
1454,44.28,1.09,1.4,51.993120000000005,Harzburgite
1455,43.38,1.35,0.34,53.2,Harzburgite
1456,40.53,1.38,0.43,56.58321,Dunite
1457,42.35,1.81,2.21,52.2982,Harzburgite
1458,43.65,0.69,0.53,53.75,Harzburgite
1459,44.6,1.96,2.95,49.25,Lherzolite
1460,41.73,1.34,0.88,54.871226,Harzburgite
1461,44.19,0.66,1.04,53.0216,Harzburgite
1462,43.26,1.06,1.48,53.01191,Harzburgite
1463,43.72,0.72,0.96,53.36,Harzburgite
1464,43.92,1.02,1.22,52.79,Harzburgite
1465,42.46,1.97,2.33,52.070244,Lherzolite
1466,43.73,1.08,1.35,52.77,Harzburgite
1467,47.2,0.95,0.55,50.3,Lherzolite
1468,42.81,2.71,1.48,51.901306,Harzburgite
1469,42.66,1.8,0.86,53.566316,Lherzolite
1470,43.2,2.82,1.75,51.036316,Harzburgite
1471,44.35,2.56,2.29,49.597318,Lherzolite
1472,42.43,2.35,1.1,53.056336,Harzburgite
1473,42.5,2.53,0.24,53.7,Harzburgite
1474,41.8,0.49,0.9,55.52254,Harzburgite
1475,43.64,1.62,1.07,52.697338,Harzburgite
1476,43.39,0.6,0.25,54.76,Harzburgite
1477,43.19,0.51,1.07,54.14,Harzburgite
1478,42.36,1.69,1.97,52.891386,Lherzolite
1479,43.69,0.69,1.19,53.4004,Harzburgite
1480,43.32,0.63,0.24,54.82,Harzburgite
1481,43.39,2.75,1.96,50.772388,Harzburgite
1482,44.26,0.63,1.05,52.98546999999999,Harzburgite
1483,44.22,3.56,2.67,48.189402,Lherzolite
1484,48.2,0.65,2.13,47.8,Lherzolite
1485,44.24,0.87,1.024,52.92,Harzburgite
1486,43.55,0.68,0.98,53.81716,Harzburgite
1487,42.64,1.01,1.2,54.16842,Harzburgite
1488,43.86,1.03,1.32,52.820423999999996,Harzburgite
1489,43.78,1.3,1.49,52.38345,Lherzolite
1490,46.07,3.63,4.61,44.21,Lherzolite
1491,43.32,0.37,0.94,54.37,Harzburgite
1492,42.59,1.36,1.03,54.01,Harzburgite
1493,43.56,0.53,0.63,54.32143000000001,Harzburgite
1494,41.5,0.76,1.24,55.44,Harzburgite
1495,43.21,1.14,1.22,53.29,Harzburgite
1496,43.1,0.7,1.11,54.01405,Harzburgite
1497,44.97,0.7,0.79,52.619780000000006,Harzburgite
1498,43.5,0.25,1.1,54.19,Harzburgite
1499,43.99,1.49,0.27,53.28,Harzburgite
1500,43.5,1.04,1.08,53.16,Harzburgite
1501,42.69,0.85,0.52,55.056495999999996,Harzburgite
1502,42.76,2.4,0.71,53.1,Harzburgite
1503,43.4,0.56,1.6,53.43,Harzburgite
1504,43.8,0.65,1.58,52.95324,Harzburgite
1505,46.26,0.72,1.902,50.21,Harzburgite
1506,44.08,0.83,0.95,53.250544,Harzburgite
1507,43.33,0.79,0.4,54.54,Harzburgite
1508,43.62,0.7,1.15,53.57473,Harzburgite
1509,43.29,0.84,0.980131333,53.74598688,Harzburgite
1510,43.41,0.78,1.31,53.43898000000001,Harzburgite
1511,41.56,0.78,0.975,55.79,Harzburgite
1512,44.32,0.5,1.18,53.08,Harzburgite
1513,43.95,1.39,2.63,50.91466,Harzburgite
1514,42.4,1.95,1.4,53.23,Lherzolite
1515,41.9,1.16,1.04,54.90002,Harzburgite
1516,43.59,0.65,1.26,53.51393,Harzburgite
1517,43.96,0.95,1.12,53.12251,Harzburgite
1518,45.55,0.71,0.88,51.77,Harzburgite
1519,43.0,0.41,0.72,54.4,Harzburgite
1520,42.65,0.27,0.242,55.98,Harzburgite
1521,45.25,0.9,1.234,51.8,Harzburgite
1522,45.4,0.69,0.96,52.04,Harzburgite
1523,44.3,0.94,0.74,53.19,Harzburgite
1524,46.59,0.99,1.755,49.7,Harzburgite
1525,44.55,0.84,1.405,52.39,Harzburgite
1526,43.97,0.67,0.22,54.31,Harzburgite
1527,42.86,0.71,0.83980782,54.62305637,Harzburgite
1528,44.0,1.55,0.93,52.56446,Harzburgite
1529,44.02,0.91,1.21,53.018069999999994,Harzburgite
1530,43.47,0.62,0.98,54.123219999999996,Harzburgite
1531,42.05,1.18,0.75,55.18,Harzburgite
1532,42.5,1.05,0.79,54.44234,Harzburgite
1533,45.0,1.81,1.97,50.318979999999996,Lherzolite
1534,43.3,0.62,0.55,54.8,Harzburgite
1535,43.35,0.58,0.9520000000000001,54.39,Harzburgite
1536,43.75,0.71,0.8909999999999999,53.92,Harzburgite
1537,42.99,0.58,0.29,55.4,Harzburgite
1538,44.52,1.09,0.69,52.78,Harzburgite
1539,44.57,1.61,2.32,50.65,Lherzolite
1540,44.04,0.02,1.1,54.00425,Harzburgite
1541,43.63,0.55,0.768,54.37,Harzburgite
1542,40.92,0.3,0.8,56.178740000000005,Harzburgite
1543,43.05,0.52,0.48,55.19,Harzburgite
1544,43.68,0.55,0.59,54.2,Harzburgite
1545,43.91,1.0,1.29,52.78,Harzburgite
1546,44.0,0.7,0.79,53.79,Harzburgite
1547,42.12,0.83,1.865,54.26,Harzburgite
1548,43.26,2.0,1.83,51.90153,Lherzolite
1549,45.66,1.05,0.78,51.79293,Harzburgite
1550,44.1,0.73,1.97,52.3,Harzburgite
1551,44.21,1.28,1.0979999999999999,52.8,Harzburgite
1552,43.51,0.55,1.07,54.27,Harzburgite
1553,44.33,0.63,0.72,53.73,Harzburgite
1554,43.67,0.6,0.902,54.21,Harzburgite
1555,44.91,0.86,1.043,52.58,Harzburgite
1556,43.8,0.83,0.794,53.99,Harzburgite
1557,43.65,0.53,0.91,54.34,Harzburgite
1558,43.45,1.02,1.17,53.52,Harzburgite
1559,43.97,0.73,1.003,53.75,Harzburgite
1560,43.19,0.32,1.006,54.82,Harzburgite
1561,44.28,1.01,1.51,52.35,Harzburgite
1562,44.12,0.89,0.975,53.5,Harzburgite
1563,44.85,0.91,1.473,52.24,Harzburgite
1564,43.9,1.1,1.81,52.58,Harzburgite
1565,43.57,0.7,1.28,53.78,Harzburgite
1566,45.7,2.9,2.8,47.73708,Lherzolite
1567,44.15,1.32,1.35,52.64,Harzburgite
1568,43.85,0.64,0.982,54.02,Harzburgite
1569,42.56,0.72,0.44,55.68,Harzburgite
1570,44.6,1.03,0.33,53.54,Harzburgite
1571,45.16,1.04,1.499,51.73,Harzburgite
1572,43.31,0.92,2.02,53.09,Harzburgite
1573,45.45,0.38,0.6,53.04,Harzburgite
1574,42.4,0.41,1.01,55.61,Harzburgite
1575,46.02,0.27,0.6,52.61,Harzburgite
1576,44.34,1.07,0.77,53.36,Harzburgite
1577,47.46,0.37,0.77,50.88,Harzburgite
1578,43.58,1.23,1.32,53.215340000000005,Harzburgite
1579,46.18,0.78,1.32,51.17,Harzburgite
1580,44.98,0.58,0.82,52.48,Harzburgite
1581,43.76,0.73,1.197,53.65,Harzburgite
1582,40.3,1.0,1.7,56.4183,Dunite
1583,47.95,0.76,1.47,49.29,Lherzolite
1584,43.86,1.36,1.45,52.68,Lherzolite
1585,46.32,0.78,1.05,51.37,Harzburgite
1586,47.22,0.91,0.89,50.52,Lherzolite
1587,42.67,1.45,2.8,52.25315,Harzburgite
1588,43.66,0.43,0.61,54.92,Harzburgite
1589,43.82,1.09,1.3,53.33,Harzburgite
1590,45.8,3.1,3.34,46.84183,Lherzolite
1591,44.01,0.11,0.39,55.09,Harzburgite
1592,44.03,1.12,1.34,52.81,Harzburgite
1593,43.51,0.96,0.97,54.05,Harzburgite
1594,43.32,0.54,0.92,54.83,Harzburgite
1595,44.28,1.07,1.3,52.72,Harzburgite
1596,44.48,0.87,0.76,53.53,Harzburgite
1597,44.02,0.72,1.15,53.54,Harzburgite
1598,38.6,2.1,1.7,57.1789,Dunite
1599,44.31,2.05,2.61,50.41,Lherzolite
1600,43.28,0.53,1.2,54.66,Harzburgite
1601,43.64,0.75,1.44,53.78,Harzburgite
1602,44.0,1.02,1.58,52.70799,Harzburgite
1603,44.26,1.07,1.39,52.55,Harzburgite
1604,43.76,0.65,1.13,53.88,Harzburgite
1605,42.7,0.58,1.36,55.02,Harzburgite
1606,44.67,0.86,1.19,52.6514,Harzburgite
1607,42.48,0.69,1.19,55.26415,Harzburgite
1608,43.0,0.96,1.11,53.84981,Harzburgite
1609,46.2,0.18,0.58,52.75,Harzburgite
1610,45.85,0.88,1.06,51.64,Harzburgite
1611,44.63,0.93,1.47,52.41,Harzburgite
1612,43.84,0.81,0.93,54.12,Harzburgite
1613,43.57,0.49,0.78,54.8,Harzburgite
1614,44.58,0.94,1.236,52.69,Harzburgite
1615,44.05,0.91,0.91,53.83,Harzburgite
1616,43.55,0.63,1.2209999999999999,54.28,Harzburgite
1617,43.37,1.21,1.29,53.79,Lherzolite
1618,43.01,0.79,1.47,54.36,Harzburgite
1619,44.64,0.83,1.02,53.15,Harzburgite
1620,43.7,1.44,1.75,52.71,Lherzolite
1621,43.18,1.05,0.894,54.35,Harzburgite
1622,46.61,1.03,1.67,50.32,Harzburgite
1623,44.32,1.05,1.53,52.51,Harzburgite
1624,42.76,0.66,0.82,55.51,Harzburgite
1625,44.25,0.95,1.08,53.44,Harzburgite
1626,44.24,0.82,0.73,53.96,Harzburgite
1627,44.17,1.26,1.892,52.1,Lherzolite
1628,41.4,0.79,2.4,55.14716,Harzburgite
1629,43.21,0.59,1.311,54.45,Harzburgite
1630,41.98,1.11,0.38,56.19,Harzburgite
1631,43.96,1.01,1.12,53.5,Harzburgite
1632,43.97,0.9,1.27,53.64,Harzburgite
1633,43.5,0.89,1.05,54.35,Harzburgite
1634,43.62,0.78,0.99,54.243230000000004,Harzburgite
1635,44.19,1.1,1.45,52.99,Harzburgite
1636,45.33,1.89,1.69,50.86,Lherzolite
1637,43.85,0.81,1.19,53.63,Harzburgite
1638,46.71,0.91,1.32,50.84,Harzburgite
1639,43.39,0.81,2.06,53.48,Harzburgite
1640,43.28,0.73,1.47,53.99,Harzburgite
1641,44.35,1.02,1.3,53.17,Harzburgite
1642,43.9,1.05,1.09,53.25,Harzburgite
1643,43.76,0.75,1.06,53.98,Harzburgite
1644,43.37,0.56,0.84,55.0,Harzburgite
1645,42.94,0.47,0.48,55.96,Harzburgite
1646,44.85,0.97,0.63,53.36,Harzburgite
1647,44.61,0.67,0.71,53.93,Harzburgite
1648,42.35,0.66,0.48,56.06,Harzburgite
1649,44.89,0.97,1.05,52.91,Harzburgite
1650,43.55,0.8,0.89,54.4,Harzburgite
1651,44.21,0.5,0.34,54.77,Harzburgite
1652,43.46,0.47,0.78,54.85,Harzburgite
1653,44.53,0.78,1.04,53.24,Harzburgite
1654,44.3,0.46,0.84,54.26,Harzburgite
1655,43.79,0.59,0.91,54.28,Harzburgite
1656,42.72,0.65,0.78,55.43,Harzburgite
1657,43.31,0.39,0.63,55.28,Harzburgite
1658,42.77,0.69,0.73,55.57,Harzburgite
1659,43.48,0.84,0.85,54.64,Harzburgite
1660,42.78,0.84,0.73,55.41,Harzburgite
1661,43.31,0.88,0.88,54.71,Harzburgite
1662,43.15,0.52,0.6,55.54,Harzburgite
1663,43.78,1.36,0.34,53.69,Harzburgite
1664,43.38,0.75,0.85,54.82,Harzburgite
1665,41.92,0.32,0.32,57.23,Dunite
1666,46.0,2.96,4.08,46.39,Lherzolite
1667,44.01,1.18,1.41,52.99,Harzburgite
1668,43.84,0.39,1.15,54.22,Harzburgite
1669,46.42,1.43,2.13,49.71,Harzburgite
1670,43.81,0.33,0.45,55.25,Harzburgite
1671,44.43,0.5,0.3,54.58,Harzburgite
1672,44.2,0.51,0.4,54.71,Harzburgite
1673,44.3,1.04,0.94,53.48,Harzburgite
1674,44.3,1.04,0.94,53.48,Harzburgite
1675,43.2,0.7,1.15,54.28,Harzburgite
1676,43.2,0.7,1.15,54.28,Harzburgite
1677,43.9,1.52,2.29,51.96,Harzburgite
1678,45.68,0.52,0.28,53.4,Harzburgite
1679,44.1,1.09,1.36,53.23,Harzburgite
1680,45.52,3.31,3.35,47.58,Lherzolite
1681,46.3,2.18,1.5,49.70353,Lherzolite
1682,41.99,0.43,1.65,55.463680000000004,Harzburgite
1683,44.35,0.9,2.26,52.09,Harzburgite
1684,44.41,0.55,0.34,54.55,Harzburgite
1685,42.78,0.35,0.9,55.91,Harzburgite
1686,46.52,0.9,1.26,50.88,Harzburgite
1687,43.63,0.03,1.05,54.95,Harzburgite
1688,44.09,0.96,1.21,53.26,Harzburgite
1689,43.81,0.96,1.52,53.42,Harzburgite
1690,44.46,0.94,0.8759999999999999,53.39,Harzburgite
1691,43.14,1.14,0.434,54.99,Harzburgite
1692,45.21,1.15,1.95,51.24,Lherzolite
1693,44.5,0.75,1.18,53.3,Harzburgite
1694,43.87,1.06,0.795,54.08,Harzburgite
1695,44.03,1.53,1.98,52.14,Harzburgite
1696,43.45,0.89,0.804,54.54,Harzburgite
1697,43.44,0.03,1.21,55.14,Harzburgite
1698,42.99,0.84,1.64,54.21,Harzburgite
1699,43.81,0.57,1.165,54.41,Harzburgite
1700,41.99,0.02,1.13,56.79,Harzburgite
1701,43.62,0.04,1.31,54.95,Harzburgite
1702,44.33,0.98,1.5,53.27,Harzburgite
1703,43.19,1.27,1.867,53.38,Harzburgite
1704,44.85,1.08,1.643,52.17,Harzburgite
1705,43.24,1.14,0.43799999999999994,55.1,Harzburgite
1706,43.41,0.6,1.42,54.3,Harzburgite
1707,47.44,0.32,1.56,50.22,Lherzolite
1708,47.1,0.87,3.1,49.038059999999994,Harzburgite
1709,42.1,0.19,1.95,55.53,Harzburgite
1710,42.92,0.06,1.72,55.35,Harzburgite
1711,42.31,0.36,1.13,56.29,Harzburgite
1712,43.27,0.17,0.87,55.75,Harzburgite
1713,45.01,1.07,1.38,52.62,Harzburgite
1714,43.68,1.71,2.11,52.517990000000005,Lherzolite
1715,42.36,0.11,2.32,55.2,Harzburgite
1716,42.68,1.48,2.63,52.87,Lherzolite
1717,44.67,1.02,0.67,54.06,Harzburgite
1718,44.47,0.06,1.8,53.98,Harzburgite
1719,45.48,0.1,2.56,52.1,Harzburgite
1720,46.73,1.09,0.93,51.89,Harzburgite
1721,43.78,0.5,1.11388548,55.03326294,Harzburgite
1722,43.54,0.81,1.14,55.28,Harzburgite
1723,46.0,1.76,1.91,51.04221,Lherzolite
1724,45.04,0.79,0.77,54.26,Harzburgite
1725,43.82,0.05,1.05,55.9,Harzburgite
