ROCK NAME,SIO2,TIO2,AL2O3,MGO,CAO,MNO
DUNITE,39.72,0.03,0.16,47.05,0.37,0.18
DUNITE,41.87,0.21,5.16,34.65,5.42,0.18
DUNITE,41.2,0.023,0.3,49.7,0.26,0.11
DUNITE,42.1,0.0,0.09,50.4,0.02,0.1
DUNITE,41.6,0.013,0.88,50.0,0.09,0.09
DUNITE,37.9,0.12,2.6,37.78,0.05,0.15
DUNITE,45.2,0.3,3.77,34.4,3.72,0.18
DUNITE,41.4,0.081,1.31,46.7,0.14,0.18
DUNITE,41.5,0.07,1.25,46.3,0.48,0.18
DUNITE,41.8,0.054,1.39,47.2,0.1,0.16
DUNITE,42.0,0.038,0.77,47.8,1.56,0.13
DUNITE,42.0,0.031,1.08,47.6,0.04,0.08
DUNITE,42.6,0.017,1.06,45.7,0.05,0.08
DUNITE,41.1,0.027,1.23,48.0,0.02,0.1
DUNITE,40.5,0.007,0.94,48.5,0.12,0.12
DUNITE,40.1,0.016,0.29,50.4,0.09,0.12
DUNITE,41.77,0.01,5.1,37.2,5.21,0.14
DUNITE,45.77,0.03,15.93,17.7,13.26,0.08
DUNITE,42.55,0.01,10.71,29.3,8.14,0.12
DUNITE,46.05,0.02,19.29,16.6,13.97,0.07
DUNITE,40.76,0.11,2.37,42.68,1.18,0.13
DUNITE,38.5,0.19,2.36,39.13,1.29,0.14
DUNITE,40.06,0.07,2.7,38.15,0.25,0.1
DUNITE,36.59,0.19,1.75,39.89,0.89,0.2
DUNITE,34.04,0.17,0.91,40.5,0.28,0.1
DUNITE,39.69,0.04,0.15,44.39,0.06,0.19
DUNITE,39.18,0.05,0.88,39.22,0.55,0.16
DUNITE,39.53,0.04,0.9,38.87,1.86,0.2
DUNITE,37.56,0.06,0.89,39.09,0.67,0.19
DUNITE,40.12,0.07,0.91,38.39,1.09,0.2
DUNITE,37.43,0.07,0.92,38.37,0.85,0.2
DUNITE,39.94,0.08,0.95,37.68,1.58,0.2
DUNITE,46.3,0.01,0.16,46.09,0.03,0.11
DUNITE,39.56,0.03,0.1,44.82,0.07,0.1
DUNITE,36.65,0.03,0.38,38.46,0.14,0.17
DUNITE,41.7,0.21,5.37,34.2,5.94,0.18
DUNITE,42.85,0.31,6.81,31.5,6.28,0.17
DUNITE,36.3,0.06,0.7,45.7,1.2,0.09
DUNITE,34.32,0.03,2.03,41.8,0.38,0.19
DUNITE,38.98,0.01,1.8,42.89,1.17,0.07
DUNITE,40.4,0.11,0.52,47.82,0.36,0.14
DUNITE,39.69,0.17,0.16,45.33,0.58,0.22
DUNITE,38.2,0.19,4.0,29.77,2.31,0.17
DUNITE,38.85,0.26,5.65,26.66,5.45,0.18
DUNITE,38.29,0.39,4.13,27.46,3.67,0.2
DUNITE,38.0,0.32,4.69,26.62,3.95,0.18
DUNITE,39.69,0.28,5.73,26.48,5.82,0.17
DUNITE,36.81,0.005,0.52,38.65,0.34,0.11
DUNITE,38.66,0.05,3.09,35.69,0.8,0.13
DUNITE,38.29,0.06,2.38,36.31,0.67,0.14
DUNITE,37.01,0.08,1.94,39.41,1.13,0.12
DUNITE,36.79,0.08,2.57,39.1,1.86,0.13
DUNITE,34.57,0.02,0.89,39.64,0.15,0.12
DUNITE,35.86,0.01,0.54,38.42,0.02,0.08
DUNITE,39.33,0.004,0.05,36.55,0.01,0.09
DUNITE,39.62,0.005,0.0,33.84,0.02,0.11
DUNITE,37.65,0.57,2.19,29.18,6.36,0.18
DUNITE,33.11,2.57,6.85,24.37,5.72,0.31
DUNITE,41.88,0.22,5.03,35.41,4.67,0.18
DUNITE,34.08,0.002,0.27,39.82,0.01,0.135
DUNITE,37.62,0.036,1.31,38.97,0.02,0.122
DUNITE,38.96,0.089,1.89,37.35,0.21,0.11
DUNITE,36.0,0.022,0.87,37.08,0.47,0.196
DUNITE,39.84,0.111,2.35,36.7,0.7,0.145
DUNITE,38.99,0.118,2.19,35.78,0.41,0.155
DUNITE,36.64,0.049,1.05,37.29,0.02,0.256
DUNITE,39.37,0.089,1.92,34.14,2.59,0.148
DUNITE,36.75,0.065,1.24,37.0,0.04,0.113
DUNITE,35.8,0.019,0.71,38.95,0.02,0.132
DUNITE,29.99,0.002,0.1,36.96,0.03,0.104
DUNITE,37.58,0.097,1.62,35.57,0.67,0.16
DUNITE,37.11,0.027,0.76,39.66,0.03,0.101
DUNITE,36.56,0.056,1.26,37.52,0.56,0.186
DUNITE,34.02,0.017,0.55,39.26,0.05,0.151
DUNITE,37.84,0.06,1.38,37.48,0.02,0.163
DUNITE,39.26,0.051,1.59,36.75,1.29,0.181
DUNITE,38.78,0.096,2.21,34.91,0.02,0.146
DUNITE,36.81,0.025,0.92,39.1,0.02,0.156
DUNITE,34.31,0.06,1.42,34.54,0.05,0.111
DUNITE,37.03,0.044,1.25,37.52,0.06,0.149
DUNITE,35.79,0.052,1.28,38.2,0.04,0.159
DUNITE,33.9,0.14,3.11,33.9,1.89,0.22
DUNITE,41.21,0.49,0.67,46.46,1.46,0.17
DUNITE,40.78,0.52,0.7,45.78,1.31,0.19
DUNITE,39.09,0.46,0.61,44.44,1.07,0.17
DUNITE,40.7,0.03,1.6,45.79,1.07,0.17
DUNITE,41.07,0.09,0.74,41.37,0.1,0.25
DUNITE,39.26,0.12,2.8,30.09,7.33,0.17
DUNITE,40.74,0.04,0.33,48.3,0.51,0.15
DUNITE,40.84,0.04,0.32,48.43,0.48,0.15
DUNITE,41.53,0.04,0.44,47.98,0.28,0.16
DUNITE,40.78,0.04,0.29,49.14,0.3,0.15
DUNITE,41.05,0.04,0.3,49.05,0.33,0.15
DUNITE,40.78,0.012,1.05,47.49,0.61,0.132
DUNITE,41.45,0.01,0.11,49.59,0.07,0.1
DUNITE,39.58,0.01,1.16,47.37,0.64,0.17
DUNITE,38.71,0.08,1.2,45.58,2.18,0.18
DUNITE,46.8,0.06,17.04,15.9,14.71,0.09
DUNITE,46.35,0.03,19.65,12.97,15.85,0.07
DUNITE,45.54,0.02,15.69,20.36,12.67,0.09
DUNITE,44.34,0.07,17.89,19.65,11.5,0.1
DUNITE,45.46,0.04,14.87,23.34,10.8,0.1
DUNITE,44.28,0.05,16.95,18.74,12.9,0.08
DUNITE,48.49,0.05,17.84,13.12,18.33,0.06
DUNITE,44.75,0.04,21.36,12.72,15.36,0.06
DUNITE,44.16,0.03,12.4,27.44,9.8,0.11
DUNITE,45.25,0.11,18.5,18.01,11.03,0.12
DUNITE,46.59,0.18,14.88,17.12,13.25,0.11
DUNITE,43.82,0.03,21.02,12.82,15.24,0.08
DUNITE,45.45,0.04,21.67,11.2,17.26,0.06
DUNITE,40.52,0.01,0.1,49.0,0.2,0.21
DUNITE,39.67,0.04,0.28,48.71,0.21,0.11
DUNITE,39.99,0.04,1.05,47.8,0.64,0.1
DUNITE,42.47,0.04,1.17,45.88,0.64,0.1
DUNITE,43.4,0.04,0.86,45.49,0.8,0.12
DUNITE,38.7,0.09,1.5,41.53,1.21,0.19
DUNITE,37.37,0.04,0.41,44.03,0.38,0.18
DUNITE,41.35,0.01,0.21,47.9,0.27,0.13
DUNITE,39.33,0.05,0.85,44.9,0.18,0.19
DUNITE,41.55,0.21,1.78,39.1,3.26,0.18
DUNITE,39.92,0.06,1.11,46.06,0.07,0.16
DUNITE,39.44,0.07,1.19,45.22,0.08,0.18
DUNITE,40.31,0.08,0.93,45.07,0.64,0.17
DUNITE,36.6,0.18,5.13,28.3,2.41,0.25
DUNITE,35.5,0.02,0.69,41.6,0.35,0.1
DUNITE,35.1,0.02,0.5,42.8,0.7,0.1
DUNITE,38.8,0.02,0.77,38.8,0.5,0.1
DUNITE,39.7,0.02,0.11,47.8,0.51,0.2
DUNITE,39.3,0.03,0.11,48.0,0.35,0.17
DUNITE,25.2,0.12,6.8,29.3,0.1,0.1
DUNITE,32.9,0.05,2.9,35.8,0.04,0.09
DUNITE,31.0,0.06,2.5,39.8,0.16,0.08
DUNITE,31.5,0.08,4.2,37.1,0.12,0.13
DUNITE,9.8,0.21,9.9,19.2,0.63,0.11
DUNITE,33.4,0.1,3.4,38.1,0.63,0.13
DUNITE,14.5,0.19,7.2,24.3,0.07,0.09
DUNITE,35.2,0.05,1.6,42.4,0.04,0.13
DUNITE,48.8,0.1,2.34,21.5,17.7,0.11
DUNITE,44.7,0.05,1.22,34.8,9.41,0.13
DUNITE,48.1,0.17,2.85,23.6,16.7,0.13
DUNITE,29.7,0.06,2.91,35.9,0.16,0.15
DUNITE,31.9,0.03,1.08,39.3,0.12,0.13
DUNITE,40.2,0.02,0.73,40.2,4.42,0.14
DUNITE,42.6,0.19,20.4,8.48,16.6,0.1
DUNITE,50.2,0.11,2.64,20.4,20.1,0.09
DUNITE,48.1,0.27,3.65,20.3,18.2,0.13
DUNITE,51.1,0.21,3.51,16.9,23.0,0.1
DUNITE,48.0,1.6,13.8,7.97,8.88,0.17
DUNITE,33.8,1.73,13.4,5.97,25.0,0.4
DUNITE,48.5,1.12,15.7,3.38,8.7,0.31
DUNITE,40.0,1.27,11.6,6.66,23.0,0.22
DUNITE,5.33,0.17,1.22,0.73,51.4,0.15
DUNITE,51.4,0.72,16.1,2.36,9.04,0.09
DUNITE,37.6,0.03,0.59,41.5,1.23,0.18
DUNITE,31.9,0.05,2.74,39.3,0.12,0.15
DUNITE,34.1,0.08,2.94,40.9,0.32,0.16
DUNITE,40.5,0.04,1.3,44.4,1.4,0.16
DUNITE,38.8,0.03,0.81,43.8,0.7,0.16
DUNITE,37.1,0.06,0.5,42.6,0.67,0.11
DUNITE,36.6,0.12,0.76,42.9,0.26,0.11
DUNITE,48.9,0.55,4.1,17.3,19.2,0.11
DUNITE,37.4,0.03,0.42,43.7,0.22,0.11
DUNITE,38.1,0.03,0.34,40.8,0.45,0.16
DUNITE,37.1,0.04,0.46,43.4,0.29,0.11
DUNITE,37.8,0.08,0.76,37.6,1.6,0.22
DUNITE,37.8,0.05,0.34,44.4,0.35,0.11
DUNITE,37.7,0.03,0.42,42.7,0.26,0.19
DUNITE,37.8,0.02,0.42,43.9,0.26,0.11
DUNITE,38.1,0.02,0.42,44.0,0.29,0.11
DUNITE,39.4,0.24,1.7,34.0,3.6,0.22
DUNITE,37.8,0.11,0.86,42.1,0.83,0.11
DUNITE,43.7,1.0,15.6,9.1,11.8,0.16
DUNITE,51.4,0.22,1.7,20.2,20.2,0.08
DUNITE,37.4,0.14,2.6,36.8,0.12,0.11
DUNITE,35.1,0.09,0.5,39.6,0.93,0.11
DUNITE,37.1,0.02,0.64,42.9,0.19,0.23
DUNITE,37.7,0.04,0.74,43.0,0.09,0.31
DUNITE,37.1,0.03,0.64,42.8,0.12,0.26
DUNITE,36.6,0.01,0.46,43.4,0.09,0.23
DUNITE,37.1,0.02,0.54,42.9,0.32,0.26
DUNITE,36.6,0.03,0.64,42.4,0.12,0.23
DUNITE,39.0,0.04,0.64,36.8,2.6,0.26
DUNITE,37.7,0.02,0.5,41.2,0.51,0.23
DUNITE,36.1,0.03,0.74,40.5,0.32,0.26
DUNITE,37.4,0.01,0.54,42.8,0.38,0.26
DUNITE,36.6,0.01,0.54,42.3,0.06,0.23
DUNITE,36.7,0.02,0.5,43.2,0.34,0.21
DUNITE,35.9,0.05,0.59,38.3,0.31,0.21
DUNITE,38.1,0.1,0.59,43.1,0.43,0.21
DUNITE,37.0,0.04,0.5,41.3,0.71,0.21
DUNITE,37.4,0.03,0.59,43.5,0.34,0.18
DUNITE,40.0,0.06,4.8,32.5,1.3,0.18
DUNITE,39.9,0.02,0.2,47.3,0.17,0.13
DUNITE,39.9,0.02,0.2,48.5,0.18,0.12
DUNITE,38.7,0.09,0.11,46.3,0.25,0.11
DUNITE,39.3,0.02,0.25,44.8,1.5,0.15
DUNITE,39.6,0.03,0.07,47.4,0.3,0.14
DUNITE,37.9,0.02,0.29,44.4,0.21,0.09
DUNITE,41.4,0.02,0.58,43.5,1.0,0.07
DUNITE,32.2,0.06,3.5,40.1,0.34,0.15
DUNITE,33.1,0.04,1.9,41.4,0.13,0.12
DUNITE,43.4,0.13,0.82,43.4,0.73,0.07
DUNITE,52.3,0.09,2.0,20.9,15.8,0.13
DUNITE,40.1,0.06,6.6,43.2,1.2,0.17
DUNITE,44.1,0.02,1.2,46.4,0.69,0.15
DUNITE,34.1,0.09,0.58,38.4,1.4,0.14
DUNITE,41.6,0.05,0.95,34.8,0.61,0.14
DUNITE,39.6,0.02,0.93,41.9,1.5,0.22
DUNITE,35.2,0.02,1.2,40.8,0.6,0.18
DUNITE,35.7,0.02,0.93,42.5,0.8,0.18
DUNITE,36.1,0.02,1.1,42.6,0.7,0.18
DUNITE,35.8,0.04,0.89,42.6,1.0,0.16
DUNITE,35.7,0.02,0.8,42.7,0.2,0.16
DUNITE,35.2,0.05,0.86,42.7,0.15,0.15
DUNITE,37.4,0.04,1.2,45.5,1.9,0.17
DUNITE,37.1,0.02,1.4,45.0,0.32,0.13
DUNITE,36.6,0.01,0.06,44.8,0.24,0.11
DUNITE,33.1,0.04,0.65,38.2,0.3,0.16
DUNITE,39.9,0.12,2.3,44.2,0.75,0.14
DUNITE,43.2,0.02,1.1,46.4,0.52,0.12
DUNITE,40.8,0.16,1.0,46.9,0.58,0.15
DUNITE,40.3,0.03,0.7,46.0,0.31,0.16
DUNITE,39.5,0.22,1.2,40.1,0.06,0.18
DUNITE,40.2,0.05,0.37,46.0,0.14,0.147
DUNITE,48.5,1.1,14.5,4.7,23.0,0.13
DUNITE,40.6,0.02,0.69,49.2,0.19,0.06
DUNITE,41.6,0.02,1.9,42.2,2.8,0.08
DUNITE,39.2,0.06,0.2,45.1,0.16,0.151
DUNITE,35.2,0.06,1.83,44.2,0.19,0.354
DUNITE,43.1,0.04,0.64,45.4,0.28,0.14
DUNITE,35.2,0.01,0.2,41.7,0.2,0.133
DUNITE,37.4,0.02,0.46,40.1,0.81,0.138
DUNITE,38.5,0.01,0.23,43.4,0.01,0.117
DUNITE,38.11,0.04,0.96,45.02,0.26,0.122
DUNITE,40.4,0.1,1.96,33.2,6.0,0.2
DUNITE,42.7,0.08,2.2,29.0,5.24,0.19
DUNITE,42.5,0.03,0.8,36.0,0.19,0.17
DUNITE,35.6,0.56,1.07,28.1,3.88,0.31
DUNITE,36.3,0.06,0.26,34.7,0.2,0.26
DUNITE,41.7,0.04,0.49,33.1,6.42,0.2
DUNITE,45.7,0.22,19.1,9.9,15.7,0.13
DUNITE,38.4,0.02,0.28,46.8,0.12,0.14
DUNITE,37.6,0.02,0.2,41.8,0.22,0.16
DUNITE,38.9,0.02,0.41,46.9,0.12,0.14
DUNITE,38.3,0.04,0.39,44.6,0.24,0.26
DUNITE,40.1,0.04,0.46,43.3,0.87,0.21
DUNITE,40.3,0.02,0.21,46.9,0.25,0.17
DUNITE,40.0,0.05,0.34,47.1,0.32,0.16
DUNITE,39.2,0.04,0.81,35.6,3.9,0.19
DUNITE,39.3,0.03,0.2,46.7,0.27,0.14
DUNITE,38.5,0.03,0.22,46.7,0.15,0.14
DUNITE,37.2,0.03,0.4,42.1,0.09,0.18
DUNITE,36.4,0.02,1.5,40.3,0.1,0.19
DUNITE,38.1,0.08,2.2,34.4,3.2,0.24
DUNITE,35.7,0.02,0.56,41.3,0.6,0.22
DUNITE,39.1,0.02,0.56,43.2,1.3,0.27
DUNITE,37.2,0.03,1.0,45.0,0.5,0.22
DUNITE,35.0,0.1,1.2,37.6,0.52,0.32
DUNITE,37.2,0.02,0.19,40.5,1.2,0.23
DUNITE,26.6,0.08,3.0,32.4,0.12,0.24
DUNITE,38.0,0.02,0.16,39.1,2.3,0.26
DUNITE,37.4,0.02,0.32,41.7,0.58,0.26
DUNITE,36.7,0.02,0.18,42.5,0.35,0.24
DUNITE,36.3,0.04,0.3,43.6,0.13,0.08
DUNITE,36.3,0.03,0.3,43.8,0.06,0.11
DUNITE,39.2,0.04,0.5,45.6,0.19,0.11
DUNITE,41.3,0.01,2.5,43.4,1.7,0.11
DUNITE,38.7,0.02,0.49,45.0,0.35,0.1
DUNITE,42.6,0.01,1.1,45.3,0.87,0.09
DUNITE,42.7,0.01,0.6,43.4,0.15,0.12
DUNITE,40.3,0.03,1.0,46.0,0.27,0.16
DUNITE,37.9,0.09,0.88,39.5,0.04,0.29
DUNITE,25.5,0.08,6.24,28.84,0.2,0.12
DUNITE,32.4,0.04,2.29,35.39,0.1,0.1
DUNITE,30.36,0.04,2.25,38.08,0.2,0.13
DUNITE,34.67,0.04,3.8,36.74,0.19,0.14
DUNITE,30.9,0.03,2.06,38.23,0.07,0.11
DUNITE,8.16,0.24,9.64,18.04,0.8,0.11
DUNITE,32.98,0.08,3.18,36.94,0.75,0.14
DUNITE,8.74,0.16,8.36,21.62,0.22,0.14
DUNITE,34.92,0.02,1.02,41.38,0.14,0.15
DUNITE,38.01,0.05,0.83,37.96,0.0,0.06
DUNITE,38.01,0.05,0.83,37.96,0.0,0.06
DUNITE,38.01,0.05,0.83,37.96,0.0,0.06
DUNITE,36.92,0.03,3.65,34.25,0.64,0.1
DUNITE,37.0,0.2,0.92,39.42,1.8,0.08
DUNITE,38.2,0.18,1.03,38.0,0.8,0.1
DUNITE,38.26,0.08,1.1,38.64,0.5,0.21
DUNITE,38.04,0.08,1.21,38.07,0.98,0.14
DUNITE,33.62,0.01,0.07,42.04,0.03,0.1
DUNITE,43.7,0.007,0.63,44.64,2.06,0.129
DUNITE,34.44,0.07,3.67,39.81,1.53,0.14
DUNITE,36.98,0.02,0.53,43.24,0.64,0.12
DUNITE,32.71,0.02,0.31,41.42,0.06,0.14
DUNITE,33.33,0.03,0.25,42.98,0.11,0.11
DUNITE,32.7,0.03,0.23,42.54,0.07,0.12
HARZBURGITE,42.92,0.02,0.81,45.65,0.8,0.12
HARZBURGITE,43.65,0.0,0.5,46.21,0.41,0.131
HARZBURGITE,44.09,0.0,0.46,45.72,0.61,0.132
HARZBURGITE,43.54,0.0,0.56,46.54,0.44,0.13
HARZBURGITE,43.95,0.015,0.76,45.9,0.82,0.128
HARZBURGITE,43.95,0.015,1.07,44.51,0.8,0.132
HARZBURGITE,43.74,0.01,0.75,46.14,0.96,0.13
HARZBURGITE,39.53,0.18,3.11,33.23,0.17,0.07
HARZBURGITE,36.59,0.18,2.91,35.81,0.15,0.07
HARZBURGITE,36.57,0.19,3.78,29.23,3.51,0.17
HARZBURGITE,42.59,0.22,2.77,32.12,2.65,0.13
HARZBURGITE,42.96,0.01,0.73,46.19,0.54,0.13
HARZBURGITE,43.36,0.02,0.65,47.08,0.57,0.13
HARZBURGITE,40.0,0.06,2.84,37.52,0.26,0.09
HARZBURGITE,38.59,0.01,0.75,40.2,0.55,0.1
HARZBURGITE,40.78,0.02,0.88,42.04,0.99,0.13
HARZBURGITE,40.82,0.01,0.89,41.16,1.64,0.12
HARZBURGITE,43.16,0.02,0.84,33.67,0.08,0.12
HARZBURGITE,37.22,0.35,0.62,40.12,1.53,0.17
HARZBURGITE,41.49,0.09,0.26,43.38,1.18,0.15
HARZBURGITE,38.87,0.21,0.92,40.03,1.49,0.12
HARZBURGITE,41.07,0.12,1.03,41.43,1.58,0.18
HARZBURGITE,43.21,0.05,0.64,43.08,0.54,0.17
HARZBURGITE,40.46,0.03,1.48,38.94,0.08,0.1
HARZBURGITE,40.89,0.02,1.65,38.42,0.0,0.06
HARZBURGITE,40.07,0.03,1.73,37.72,0.0,0.06
HARZBURGITE,46.6,0.29,3.74,24.68,5.97,0.25
HARZBURGITE,42.64,0.08,2.78,36.84,2.87,0.13
HARZBURGITE,38.5,0.02,0.9,36.4,0.1,0.08
HARZBURGITE,38.0,0.02,0.9,37.85,0.11,0.11
HARZBURGITE,41.95,0.12,1.9,34.25,0.28,0.1
HARZBURGITE,55.23,0.0,0.54,35.67,0.75,0.12
HARZBURGITE,44.69,0.0,0.64,45.23,0.24,0.13
HARZBURGITE,44.31,0.0,0.37,45.81,0.37,0.12
HARZBURGITE,43.89,0.0,0.6,45.71,0.56,0.12
HARZBURGITE,38.55,0.006,0.42,38.01,0.35,0.11
HARZBURGITE,39.23,0.008,0.95,36.81,0.32,0.12
HARZBURGITE,41.89,0.007,0.85,37.63,0.48,0.13
HARZBURGITE,36.66,0.005,0.7,38.26,0.32,0.11
HARZBURGITE,38.02,0.005,0.86,35.47,0.05,0.11
HARZBURGITE,38.23,0.016,0.7,40.62,0.28,0.11
HARZBURGITE,37.45,0.006,0.57,38.24,0.0,0.11
HARZBURGITE,38.19,0.004,0.34,39.09,0.17,0.11
HARZBURGITE,39.11,0.002,0.33,40.34,0.57,0.11
HARZBURGITE,39.67,0.008,0.52,37.63,0.03,0.08
HARZBURGITE,44.63,0.008,0.43,40.82,0.04,0.11
HARZBURGITE,41.16,0.006,0.44,35.95,0.07,0.09
HARZBURGITE,39.93,0.004,0.27,35.4,0.02,0.1
HARZBURGITE,39.39,0.003,0.19,35.23,0.17,0.11
HARZBURGITE,39.24,0.003,0.17,33.71,0.04,0.11
HARZBURGITE,39.71,0.004,0.12,36.13,0.06,0.11
HARZBURGITE,40.92,0.01,0.53,38.13,0.12,0.12
HARZBURGITE,42.77,0.03,1.67,36.94,0.03,0.15
HARZBURGITE,37.81,0.01,1.59,37.29,0.12,0.14
HARZBURGITE,37.04,0.02,0.6,36.68,0.72,0.16
HARZBURGITE,37.45,0.02,0.62,34.58,1.87,0.14
HARZBURGITE,36.17,0.02,0.51,37.71,0.66,0.13
HARZBURGITE,36.76,0.01,0.58,36.5,0.79,0.15
HARZBURGITE,36.65,0.02,0.72,36.57,0.96,0.15
HARZBURGITE,43.87,0.004,0.53,46.65,0.52,0.132
HARZBURGITE,43.99,0.002,0.45,46.36,0.48,0.127
HARZBURGITE,43.98,0.005,0.78,45.46,0.7,0.127
HARZBURGITE,43.91,0.005,0.56,45.88,0.61,0.131
HARZBURGITE,41.13,0.02,0.4,48.23,0.82,0.14
HARZBURGITE,43.57,0.01,0.87,46.34,0.72,0.13
HARZBURGITE,43.93,0.01,1.03,44.86,1.22,0.13
HARZBURGITE,44.12,0.01,0.38,48.38,0.3,0.13
HARZBURGITE,42.5,0.02,0.38,48.38,0.59,0.13
HARZBURGITE,44.18,0.01,0.52,47.71,0.52,0.12
HARZBURGITE,43.99,0.07,0.82,46.2,0.59,0.12
HARZBURGITE,44.23,0.04,0.86,46.52,1.13,0.12
HARZBURGITE,40.79,0.03,0.59,48.09,1.05,0.14
HARZBURGITE,40.46,0.03,0.47,47.59,0.85,0.14
HARZBURGITE,36.78,0.04,0.88,50.43,0.38,0.14
HARZBURGITE,37.2,0.04,0.34,48.41,0.6,0.16
HARZBURGITE,39.78,0.06,0.61,46.64,0.85,0.15
HARZBURGITE,39.41,0.03,0.45,47.78,0.53,0.15
HARZBURGITE,39.97,0.03,0.41,47.21,0.63,0.15
HARZBURGITE,39.78,0.03,0.31,47.89,0.56,0.15
HARZBURGITE,38.84,0.03,0.21,49.44,0.35,0.13
HARZBURGITE,40.62,0.03,0.41,48.15,0.38,0.13
HARZBURGITE,42.61,0.01,0.64,45.94,0.33,0.12
HARZBURGITE,43.53,0.02,0.74,46.01,0.69,0.12
HARZBURGITE,43.81,0.01,0.55,46.53,0.6,0.12
HARZBURGITE,44.45,0.0,0.54,46.41,0.7,0.12
HARZBURGITE,43.92,0.01,0.56,47.17,0.53,0.12
HARZBURGITE,44.3,0.02,1.3,43.0,1.9,0.13
HARZBURGITE,39.8,0.04,2.18,38.9,2.0,0.12
HARZBURGITE,41.7,0.04,2.28,39.0,2.86,0.14
HARZBURGITE,42.7,0.03,1.91,40.7,2.07,0.13
HARZBURGITE,41.8,0.04,2.22,39.7,2.21,0.13
HARZBURGITE,41.7,0.03,2.0,38.9,2.09,0.12
HARZBURGITE,41.9,0.03,1.84,40.3,1.76,0.14
HARZBURGITE,41.7,0.02,1.58,40.8,1.72,0.13
HARZBURGITE,43.4,0.02,0.25,45.3,0.91,0.14
HARZBURGITE,43.6,0.03,0.52,44.0,0.95,0.13
HARZBURGITE,43.4,0.02,0.82,42.8,0.94,0.14
HARZBURGITE,41.6,0.09,0.29,44.9,0.56,0.11
HARZBURGITE,41.7,0.03,1.0,45.4,0.8,0.12
HARZBURGITE,45.2,0.03,0.7,41.5,0.8,0.09
HARZBURGITE,46.1,0.01,2.7,39.2,1.2,0.11
HARZBURGITE,43.8,0.026,0.78,45.1,0.38,0.116
HARZBURGITE,43.9,0.024,0.44,45.9,0.14,0.11
HARZBURGITE,40.1,0.1,0.69,36.3,1.23,0.16
HARZBURGITE,41.41,0.02,0.58,39.09,0.79,0.11
HARZBURGITE,42.43,0.02,0.53,37.88,0.2,0.12
HARZBURGITE,39.91,0.04,1.22,37.2,0.42,0.12
HARZBURGITE,39.91,0.04,1.22,37.2,0.42,0.12
HARZBURGITE,39.91,0.04,1.22,37.2,0.42,0.12
HARZBURGITE,39.63,0.02,0.76,38.07,2.92,0.12
HARZBURGITE,38.47,0.15,1.22,38.43,0.42,0.08
HARZBURGITE,38.21,0.08,2.15,38.11,0.82,0.14
HARZBURGITE,39.86,0.1,1.36,38.13,0.77,0.14
HARZBURGITE,39.22,0.08,2.36,37.88,0.63,0.21
HARZBURGITE,39.2,0.1,2.53,37.81,0.58,0.18
HARZBURGITE,39.1,0.15,1.86,37.15,0.35,0.1
HARZBURGITE,37.84,0.12,1.43,36.96,1.5,0.13
HARZBURGITE,39.26,0.15,1.44,37.4,1.12,0.13
HARZBURGITE,39.74,0.2,1.86,37.35,0.58,0.12
HARZBURGITE,38.52,0.54,1.02,36.7,0.6,0.16
HARZBURGITE,41.9,0.15,1.18,37.85,1.4,0.18
HARZBURGITE,41.7,0.09,1.7,38.12,1.46,0.15
HARZBURGITE,39.82,0.58,2.62,36.1,2.6,0.17
HARZBURGITE,39.94,0.17,2.48,36.38,2.04,0.27
HARZBURGITE,39.77,0.1,3.14,35.54,0.41,0.11
HARZBURGITE,55.1,0.01,0.56,34.49,0.07,0.05
HARZBURGITE,55.3,0.02,0.65,33.6,0.12,0.05
HARZBURGITE,37.9,0.06,2.22,36.7,0.35,0.01
HARZBURGITE,38.13,0.04,2.06,36.5,0.18,0.17
HARZBURGITE,37.14,0.06,2.84,37.5,0.18,0.21
HARZBURGITE,37.7,0.03,3.92,37.0,0.18,0.1
HARZBURGITE,39.26,0.1,1.67,36.3,0.58,0.13
HARZBURGITE,38.9,0.11,2.83,35.04,1.2,0.12
HARZBURGITE,39.56,0.04,1.9,35.32,1.2,0.73
HARZBURGITE,36.41,0.0,0.41,40.18,0.43,0.09
HARZBURGITE,39.21,0.0,0.59,38.19,1.66,0.11
HARZBURGITE,35.9,0.0,0.35,39.39,0.31,0.11
HARZBURGITE,36.01,0.0,0.47,39.35,0.66,0.12
HARZBURGITE,36.84,0.0,0.45,39.91,0.63,0.11
HARZBURGITE,37.84,0.01,0.64,40.24,0.03,0.1
HARZBURGITE,37.75,0.01,0.65,39.99,0.03,0.1
HARZBURGITE,37.45,0.01,0.57,40.3,0.03,0.09
HARZBURGITE,37.11,0.01,0.55,40.14,0.03,0.1
HARZBURGITE,36.97,0.01,0.54,40.48,0.03,0.09
HARZBURGITE,37.17,0.01,0.52,38.56,0.02,0.1
HARZBURGITE,36.81,0.01,0.6,39.64,0.06,0.1
HARZBURGITE,36.78,0.01,0.47,39.93,0.05,0.09
HARZBURGITE,37.48,0.01,0.61,40.11,0.2,0.1
HARZBURGITE,34.82,0.01,0.34,41.08,0.03,0.1
HARZBURGITE,39.04,0.01,0.62,40.88,0.65,0.11
HARZBURGITE,35.65,0.01,0.57,37.64,0.52,0.1
HARZBURGITE,37.78,0.01,0.66,39.04,0.31,0.09
HARZBURGITE,35.53,0.01,0.25,40.89,0.18,0.1
HARZBURGITE,37.58,0.02,0.54,39.99,0.51,0.1
HARZBURGITE,37.52,0.03,0.53,40.69,0.24,0.09
HARZBURGITE,38.66,0.01,0.77,39.93,0.74,0.12
HARZBURGITE,38.78,0.01,0.76,40.62,1.03,0.11
HARZBURGITE,37.93,0.01,0.7,40.62,0.39,0.1
HARZBURGITE,38.81,0.01,0.59,41.88,0.54,0.11
HARZBURGITE,37.82,0.01,0.59,40.45,0.5,0.11
HARZBURGITE,39.54,0.01,0.88,40.72,0.71,0.11
HARZBURGITE,37.8,0.01,0.68,39.99,0.46,0.11
HARZBURGITE,40.2,0.01,0.72,40.71,0.86,0.11
HARZBURGITE,40.32,0.01,0.79,40.28,0.84,0.11
HARZBURGITE,34.37,0.01,0.11,42.24,0.13,0.11
HARZBURGITE,44.61,0.02,1.14,44.6,0.01,0.14
HARZBURGITE,43.97,0.03,1.51,43.95,0.08,0.13
HARZBURGITE,45.01,0.03,1.61,43.05,0.74,0.14
HARZBURGITE,44.96,0.03,1.3,43.07,0.23,0.11
HARZBURGITE,43.88,0.02,1.33,45.33,0.23,0.13
HARZBURGITE,45.76,0.02,1.31,43.63,0.51,0.11
HARZBURGITE,44.1,0.03,1.53,40.96,0.85,0.13
HARZBURGITE,44.3,0.02,1.48,43.44,0.37,0.13
HARZBURGITE,44.23,0.02,1.59,43.72,1.17,0.13
HARZBURGITE,45.4,0.02,1.57,42.31,1.23,0.13
HARZBURGITE,44.14,0.02,1.25,42.54,1.04,0.13
HARZBURGITE,43.81,0.02,1.4,43.55,1.01,0.14
HARZBURGITE,43.49,0.02,1.35,43.68,0.7,0.13
HARZBURGITE,44.69,0.02,1.43,43.13,1.15,0.13
HARZBURGITE,42.63,0.02,1.27,45.98,0.88,0.13
HARZBURGITE,44.33,0.02,1.34,45.19,0.35,0.14
HARZBURGITE,44.23,0.03,1.3,43.45,0.87,0.18
HARZBURGITE,44.14,0.02,1.41,44.01,0.1,0.13
HARZBURGITE,43.74,0.02,1.29,44.72,0.01,0.14
HARZBURGITE,44.97,0.02,1.83,42.82,0.42,0.13
HARZBURGITE,44.29,0.02,1.52,44.37,0.18,0.14
HARZBURGITE,46.16,0.01,1.56,43.34,0.33,0.12
HARZBURGITE,44.49,0.01,1.44,44.17,0.21,0.11
HARZBURGITE,44.02,0.02,1.24,46.21,0.06,0.14
HARZBURGITE,44.86,0.02,1.39,44.12,0.33,0.14
HARZBURGITE,44.22,0.01,1.22,44.49,0.06,0.12
HARZBURGITE,44.61,0.02,1.33,44.41,0.13,0.13
HARZBURGITE,43.87,0.01,1.06,45.0,0.14,0.12
HARZBURGITE,44.71,0.02,1.42,44.37,0.04,0.13
HARZBURGITE,44.39,0.41,6.88,30.19,5.07,0.19
HARZBURGITE,44.81,0.03,1.49,43.94,0.18,0.11
HARZBURGITE,44.11,0.01,1.34,44.09,0.29,0.14
HARZBURGITE,43.7,0.02,1.49,43.54,0.03,0.15
HARZBURGITE,44.48,0.03,1.48,43.87,0.29,0.14
HARZBURGITE,44.97,0.03,1.83,42.82,1.38,0.13
HARZBURGITE,43.68,0.01,1.28,43.83,0.23,0.12
HARZBURGITE,47.22,0.04,1.69,41.47,1.06,0.14
HARZBURGITE,43.8,0.02,1.35,44.29,0.26,0.15
HARZBURGITE,44.63,0.02,1.43,43.39,0.51,0.12
HARZBURGITE,44.31,0.02,1.21,43.79,0.42,0.13
HARZBURGITE,44.25,0.02,1.38,43.411,1.3,0.13
HARZBURGITE,43.26,0.01,1.41,43.52,1.55,0.14
HARZBURGITE,43.28,0.02,1.55,43.19,1.05,0.13
HARZBURGITE,42.85,0.01,1.49,44.05,0.58,0.16
HARZBURGITE,43.0,0.01,1.34,44.23,0.99,0.14
HARZBURGITE,43.79,0.02,1.5,43.97,1.15,0.15
HARZBURGITE,44.02,0.01,1.3,44.39,0.12,0.13
HARZBURGITE,43.98,0.02,1.51,43.9,0.39,0.14
HARZBURGITE,46.64,0.06,1.5,38.02,1.05,0.16
HARZBURGITE,44.1,0.07,1.44,40.55,0.32,0.16
HARZBURGITE,43.63,0.01,1.39,42.74,0.14,0.15
HARZBURGITE,44.38,0.07,1.43,40.63,0.79,0.16
HARZBURGITE,44.27,0.02,1.34,43.33,0.25,0.14
HARZBURGITE,43.79,0.01,1.36,44.14,0.23,0.14
HARZBURGITE,44.29,0.01,1.64,43.49,0.26,0.15
HARZBURGITE,43.9,0.01,1.48,43.85,0.39,0.14
HARZBURGITE,43.55,0.01,1.5,43.95,0.73,0.14
HARZBURGITE,43.32,0.02,1.25,42.61,0.17,0.14
HARZBURGITE,44.05,0.03,1.52,41.83,1.42,0.12
HARZBURGITE,43.58,0.01,1.45,42.93,1.41,0.13
HARZBURGITE,44.39,0.03,1.36,42.77,1.25,0.13
HARZBURGITE,44.32,0.03,1.75,42.9,1.33,0.13
HARZBURGITE,44.72,0.01,1.61,43.22,0.57,0.14
HARZBURGITE,43.64,0.02,1.38,43.55,0.32,0.12
HARZBURGITE,45.44,0.68,6.96,17.41,14.55,0.25
HARZBURGITE,43.37,0.02,1.18,44.19,0.1,0.1
HARZBURGITE,43.94,0.01,1.49,43.22,1.39,0.14
HARZBURGITE,45.74,0.11,3.4,34.17,4.19,0.26
HARZBURGITE,44.75,0.03,1.49,43.56,0.33,0.12
HARZBURGITE,45.55,0.05,1.58,40.49,0.77,0.13
HARZBURGITE,44.09,0.02,1.43,44.17,0.07,0.12
HARZBURGITE,46.54,0.04,1.78,40.54,1.3,0.13
HARZBURGITE,45.09,0.02,1.49,42.74,0.39,0.12
HARZBURGITE,43.93,0.03,1.45,44.19,0.42,0.14
HARZBURGITE,43.83,0.03,1.54,44.48,0.02,0.12
HARZBURGITE,43.51,0.02,1.57,43.99,0.1,0.14
HARZBURGITE,44.64,0.02,1.45,43.6,0.01,0.15
HARZBURGITE,44.65,0.03,1.39,43.85,0.04,0.13
HARZBURGITE,44.94,0.02,1.49,42.46,0.15,0.12
HARZBURGITE,44.81,0.01,1.29,43.66,0.02,0.13
HARZBURGITE,45.77,0.43,1.98,35.79,2.26,0.18
HARZBURGITE,43.71,0.01,1.31,43.61,0.08,0.14
HARZBURGITE,44.92,0.03,1.67,42.59,0.38,0.13
HARZBURGITE,35.31,0.03,0.8,41.27,0.5,0.12
HARZBURGITE,35.05,0.03,0.88,41.36,0.22,0.11
HARZBURGITE,35.58,0.02,0.49,41.92,0.41,0.11
HARZBURGITE,43.46,0.05,0.6,45.64,0.75,0.12
HARZBURGITE,44.28,0.04,0.71,45.48,0.27,0.09
HARZBURGITE,45.31,0.01,0.47,43.74,0.06,0.06
HARZBURGITE,45.85,0.02,0.85,43.95,0.1,0.08
HARZBURGITE,61.86,0.04,0.43,30.61,0.34,0.06
LHERZOLITE,59.1,1.43,19.05,2.95,5.98,0.04
LHERZOLITE,58.8,1.78,16.87,3.26,6.42,0.06
LHERZOLITE,62.6,0.34,20.05,0.99,1.86,0.01
LHERZOLITE,39.55,0.01,0.32,42.14,1.95,0.18
LHERZOLITE,39.95,0.02,4.08,35.85,4.62,0.18
LHERZOLITE,44.94,0.15,3.05,38.81,2.97,0.15
LHERZOLITE,44.34,0.015,1.89,42.65,1.99,0.137
LHERZOLITE,44.26,0.013,1.42,44.43,1.24,0.13
LHERZOLITE,43.82,0.02,2.09,42.56,1.98,0.13
LHERZOLITE,44.42,0.015,2.04,42.24,1.98,0.135
LHERZOLITE,44.64,0.023,2.21,41.97,2.26,0.135
LHERZOLITE,43.93,0.05,2.5,42.01,2.26,0.13
LHERZOLITE,44.43,0.045,2.47,41.6,2.27,0.138
LHERZOLITE,45.22,0.058,2.98,40.39,2.57,0.14
LHERZOLITE,45.54,0.078,3.18,39.43,2.85,0.14
LHERZOLITE,45.63,0.1,3.53,38.7,3.07,0.142
LHERZOLITE,44.99,0.099,3.3,40.06,2.94,0.137
LHERZOLITE,45.08,0.104,3.23,40.18,2.82,0.141
LHERZOLITE,44.88,0.095,3.54,39.58,2.99,0.142
LHERZOLITE,45.67,0.094,3.34,38.96,3.11,0.138
LHERZOLITE,44.19,0.04,1.95,43.37,1.41,0.12
LHERZOLITE,44.61,0.03,1.9,43.12,1.41,0.129
LHERZOLITE,44.48,0.017,2.07,42.53,1.84,0.135
LHERZOLITE,44.64,0.031,1.95,42.91,1.76,0.132
LHERZOLITE,44.97,0.039,1.88,43.03,1.67,0.132
LHERZOLITE,45.49,0.089,3.19,39.31,2.74,0.137
LHERZOLITE,44.1,0.07,3.15,41.12,2.62,0.13
LHERZOLITE,44.73,0.07,3.16,41.11,2.64,0.14
LHERZOLITE,44.54,0.072,3.15,40.94,2.63,0.14
LHERZOLITE,44.63,0.072,3.14,40.74,2.77,0.141
LHERZOLITE,44.3,0.071,2.19,41.8,1.95,0.132
LHERZOLITE,44.02,0.08,2.19,42.56,2.3,0.13
LHERZOLITE,44.95,0.15,4.14,37.1,3.59,0.145
LHERZOLITE,44.82,0.17,3.8,38.77,3.91,0.14
LHERZOLITE,45.15,0.14,3.9,37.55,3.18,0.14
LHERZOLITE,44.41,0.15,3.48,39.1,3.34,0.14
LHERZOLITE,43.43,0.08,2.36,42.49,1.61,0.13
LHERZOLITE,43.65,0.073,2.14,42.45,1.47,0.131
LHERZOLITE,43.63,0.09,2.1,43.02,1.66,0.13
LHERZOLITE,43.82,0.13,3.54,38.8,2.84,0.13
LHERZOLITE,44.56,0.13,3.66,38.66,2.81,0.139
LHERZOLITE,44.95,0.02,1.8,41.99,1.88,0.13
LHERZOLITE,43.95,0.13,3.53,39.01,3.04,0.13
LHERZOLITE,43.11,0.31,5.2,28.65,3.58,0.19
LHERZOLITE,47.89,0.54,11.24,15.8,7.78,0.15
LHERZOLITE,41.86,2.31,8.81,17.52,3.29,0.19
LHERZOLITE,43.47,2.27,6.33,18.38,5.14,0.19
LHERZOLITE,42.99,2.28,7.07,18.12,4.58,0.19
LHERZOLITE,38.95,0.3,3.28,32.67,2.13,0.2
LHERZOLITE,44.91,0.14,3.45,39.79,3.01,0.15
LHERZOLITE,42.99,0.03,1.28,46.11,0.82,0.14
LHERZOLITE,44.29,0.04,2.04,43.63,1.88,0.14
LHERZOLITE,44.13,0.11,3.09,41.11,2.8,0.15
LHERZOLITE,43.91,0.02,1.61,44.68,1.44,0.14
LHERZOLITE,44.89,0.12,2.89,41.17,2.43,0.15
LHERZOLITE,44.73,0.11,3.13,40.73,2.61,0.14
LHERZOLITE,38.63,0.97,6.71,23.86,5.78,0.17
LHERZOLITE,43.11,3.97,11.94,13.46,14.98,0.11
LHERZOLITE,44.27,0.024,1.27,44.6,1.29,0.138
LHERZOLITE,43.82,0.017,1.32,44.36,1.32,0.134
LHERZOLITE,44.51,0.015,2.01,42.47,2.05,0.138
LHERZOLITE,44.45,0.011,1.58,43.41,1.6,0.134
LHERZOLITE,44.5,0.035,1.97,43.04,1.38,0.131
LHERZOLITE,44.79,0.013,1.94,42.7,1.94,0.131
LHERZOLITE,44.25,0.019,2.07,42.47,2.19,0.137
LHERZOLITE,44.62,0.02,1.91,42.92,2.0,0.14
LHERZOLITE,44.49,0.16,3.62,38.5,3.68,0.13
LHERZOLITE,44.28,0.11,2.39,41.26,2.34,0.13
LHERZOLITE,44.51,0.15,3.38,39.46,3.31,0.14
LHERZOLITE,44.66,0.14,2.88,39.94,3.0,0.14
LHERZOLITE,44.73,0.11,2.98,41.24,2.92,0.14
LHERZOLITE,44.28,0.12,2.83,41.23,2.75,0.13
LHERZOLITE,43.89,0.01,1.11,45.65,1.41,0.13
LHERZOLITE,44.36,0.02,1.59,43.76,1.75,0.13
LHERZOLITE,44.34,0.04,1.88,43.0,1.63,0.13
LHERZOLITE,44.74,0.04,2.02,42.65,2.31,0.13
LHERZOLITE,46.26,0.31,5.49,33.08,5.63,0.14
LHERZOLITE,43.88,0.17,3.95,38.55,3.58,0.14
LHERZOLITE,44.64,0.16,3.4,39.18,3.42,0.14
LHERZOLITE,43.7,0.16,3.43,38.95,3.05,0.14
LHERZOLITE,44.44,0.13,3.3,39.9,2.96,0.14
LHERZOLITE,44.21,0.08,2.96,41.64,2.75,0.14
LHERZOLITE,44.87,0.13,3.6,39.2,3.36,0.14
LHERZOLITE,44.46,0.02,1.49,44.02,1.77,0.13
LHERZOLITE,44.67,0.02,1.06,44.52,1.15,0.13
LHERZOLITE,44.13,0.07,1.62,44.16,1.72,0.13
LHERZOLITE,43.49,0.02,1.4,44.36,1.59,0.13
LHERZOLITE,44.2,0.02,1.94,43.68,1.93,0.13
LHERZOLITE,44.53,0.02,2.11,41.97,2.35,0.14
LHERZOLITE,44.4,0.02,1.71,44.22,1.92,0.13
LHERZOLITE,44.81,0.02,1.52,44.69,1.36,0.13
LHERZOLITE,44.8,0.03,1.95,43.52,2.66,0.13
LHERZOLITE,44.71,0.02,1.79,43.39,2.03,0.13
LHERZOLITE,43.47,0.02,0.99,45.84,1.22,0.13
LHERZOLITE,43.17,0.02,1.72,44.23,1.79,0.13
LHERZOLITE,44.18,0.02,1.97,43.41,2.36,0.13
LHERZOLITE,44.64,0.11,2.88,40.91,2.97,0.13
LHERZOLITE,43.95,0.12,3.44,40.8,3.2,0.13
LHERZOLITE,45.26,0.16,3.9,38.42,3.77,0.13
LHERZOLITE,46.5,0.07,1.44,43.19,1.46,0.12
LHERZOLITE,44.91,0.15,3.7,39.27,4.11,0.14
LHERZOLITE,44.73,0.12,3.15,40.38,3.14,0.13
LHERZOLITE,44.91,0.16,3.63,39.79,3.46,0.14
LHERZOLITE,44.93,0.14,2.65,41.5,3.15,0.13
LHERZOLITE,44.54,0.11,2.98,41.17,2.78,0.13
LHERZOLITE,44.93,0.13,3.91,39.55,3.44,0.14
LHERZOLITE,44.08,0.11,2.74,42.77,2.38,0.13
LHERZOLITE,44.01,0.03,2.03,43.14,2.15,0.13
LHERZOLITE,44.39,0.03,2.01,43.14,2.06,0.13
LHERZOLITE,43.93,0.11,2.21,43.25,2.64,0.13
LHERZOLITE,42.74,0.19,17.1,27.1,4.0,0.16
LHERZOLITE,42.43,0.11,15.2,30.38,3.16,0.16
LHERZOLITE,41.84,0.04,16.95,25.75,6.12,0.1
LHERZOLITE,44.24,0.03,13.44,26.56,6.37,0.09
LHERZOLITE,43.37,0.03,15.23,25.93,5.52,0.12
LHERZOLITE,42.69,0.03,15.15,25.06,6.66,0.11
LHERZOLITE,44.28,0.04,14.98,26.21,5.38,0.18
LHERZOLITE,42.94,0.03,15.63,25.94,5.48,0.12
LHERZOLITE,41.84,0.05,16.45,25.73,5.43,0.14
LHERZOLITE,45.14,0.06,12.6,25.41,7.8,0.13
LHERZOLITE,45.04,0.03,11.31,28.24,5.7,0.1
LHERZOLITE,44.73,0.03,11.45,28.74,5.56,0.11
LHERZOLITE,42.5,0.22,3.95,38.25,4.16,0.16
LHERZOLITE,40.79,0.17,3.17,41.65,3.07,0.16
LHERZOLITE,41.53,0.16,2.83,40.5,3.04,0.15
LHERZOLITE,40.24,0.13,2.84,40.59,3.15,0.15
LHERZOLITE,42.81,0.17,3.25,40.46,3.36,0.15
LHERZOLITE,42.88,0.14,3.9,39.45,3.39,0.15
LHERZOLITE,41.16,0.11,2.78,41.9,2.96,0.15
LHERZOLITE,43.56,0.16,4.05,39.67,3.69,0.15
LHERZOLITE,41.24,0.11,2.46,42.97,2.73,0.15
LHERZOLITE,40.74,0.05,2.13,43.56,2.22,0.15
LHERZOLITE,43.15,0.15,2.83,41.73,3.03,0.14
LHERZOLITE,41.8,0.06,2.29,43.28,2.21,0.15
LHERZOLITE,42.48,0.07,2.38,42.65,2.77,0.15
LHERZOLITE,41.03,0.05,1.85,43.9,1.99,0.15
LHERZOLITE,41.26,0.07,2.02,43.6,2.14,0.14
LHERZOLITE,40.92,0.03,0.97,45.58,1.48,0.15
LHERZOLITE,41.61,0.04,1.84,44.6,2.18,0.15
LHERZOLITE,40.63,0.05,1.96,43.94,2.25,0.15
LHERZOLITE,40.91,0.03,0.83,46.74,0.93,0.14
LHERZOLITE,41.09,0.03,0.86,47.37,1.17,0.14
LHERZOLITE,41.42,0.16,3.19,40.34,3.07,0.16
LHERZOLITE,41.33,0.21,3.86,38.82,3.69,0.15
LHERZOLITE,42.51,0.13,3.19,38.58,3.11,0.15
LHERZOLITE,41.63,0.14,2.98,41.25,2.74,0.15
LHERZOLITE,43.99,0.18,2.88,38.48,3.86,0.15
LHERZOLITE,41.76,0.13,2.48,43.17,2.45,0.15
LHERZOLITE,41.99,0.12,2.94,41.58,2.81,0.15
LHERZOLITE,39.92,0.11,2.36,43.01,2.52,0.15
LHERZOLITE,39.49,0.04,0.61,48.21,0.74,0.14
LHERZOLITE,41.36,0.06,2.19,43.35,2.66,0.15
LHERZOLITE,41.95,0.04,1.89,44.43,1.94,0.15
LHERZOLITE,40.04,0.04,1.63,44.01,2.05,0.15
LHERZOLITE,40.86,0.04,1.61,44.84,2.04,0.15
LHERZOLITE,40.9,0.04,1.52,45.29,1.82,0.15
LHERZOLITE,40.72,0.03,1.54,44.99,1.93,0.15
LHERZOLITE,41.21,0.05,1.67,44.94,1.84,0.15
LHERZOLITE,40.82,0.03,0.65,47.59,1.09,0.14
LHERZOLITE,42.41,0.04,1.62,42.77,2.38,0.14
LHERZOLITE,40.7,0.03,0.59,47.11,0.87,0.15
LHERZOLITE,39.35,0.03,0.35,47.82,0.37,0.14
LHERZOLITE,41.96,0.03,0.75,47.38,0.93,0.14
LHERZOLITE,41.68,0.18,3.68,40.23,3.74,0.15
LHERZOLITE,40.26,0.12,2.86,42.29,2.85,0.15
LHERZOLITE,43.36,0.19,3.68,39.31,3.97,0.15
LHERZOLITE,43.87,0.12,4.31,37.8,3.39,0.13
LHERZOLITE,44.22,0.02,2.1,42.23,2.02,0.13
LHERZOLITE,42.27,0.01,0.76,46.34,0.54,0.13
LHERZOLITE,43.22,0.01,1.55,43.42,1.63,0.13
LHERZOLITE,44.96,0.14,3.57,39.49,3.19,0.13
LHERZOLITE,44.85,0.09,3.09,40.47,3.08,0.13
LHERZOLITE,44.37,0.01,0.86,45.54,0.93,0.12
LHERZOLITE,45.09,0.01,1.51,43.4,1.78,0.13
LHERZOLITE,44.85,0.02,2.46,41.99,2.25,0.13
LHERZOLITE,44.6,0.12,3.34,40.25,2.96,0.14
LHERZOLITE,43.95,0.02,0.86,45.97,0.94,0.12
LHERZOLITE,45.12,0.14,4.11,38.7,3.63,0.14
LHERZOLITE,44.53,0.04,2.78,40.58,2.12,0.13
LHERZOLITE,46.31,0.19,4.1,36.57,3.41,0.15
LHERZOLITE,41.93,0.17,16.31,25.91,6.21,0.09
LHERZOLITE,44.28,0.09,12.03,26.25,6.17,0.09
LHERZOLITE,44.2,0.09,11.52,24.33,7.41,0.09
LHERZOLITE,47.08,0.12,7.96,25.27,7.84,0.19
LHERZOLITE,43.5,0.05,2.5,38.0,2.1,0.13
LHERZOLITE,38.6,0.04,4.12,34.5,2.37,0.28
LHERZOLITE,44.2,0.13,2.4,40.7,3.6,0.16
LHERZOLITE,43.5,0.58,4.61,25.7,6.88,0.23
LHERZOLITE,45.91,0.002,0.686,45.27,1.457,0.103
LHERZOLITE,44.4,0.014,1.256,45.07,0.557,0.089
LHERZOLITE,44.15,0.03,3.59,34.84,5.5,0.1
LHERZOLITE,44.15,0.03,3.59,34.84,5.5,0.1
LHERZOLITE,46.06,0.02,2.848,40.38,3.113,0.136
LHERZOLITE,38.73,0.08,1.81,35.87,1.34,0.16
LHERZOLITE,41.69,0.08,2.29,35.19,1.71,0.11
LHERZOLITE,42.14,0.19,4.0,32.15,1.49,0.17
LHERZOLITE,45.13,0.027,1.751,42.32,1.553,0.104
LHERZOLITE,44.46,0.128,1.26,41.63,0.122,0.099
LHERZOLITE,42.66,0.02,1.8,40.32,3.19,0.15
LHERZOLITE,45.07,0.15,4.01,36.84,3.26,0.15
LHERZOLITE,45.62,0.14,3.87,36.69,3.28,0.15
LHERZOLITE,44.02,0.13,3.7,39.19,3.06,0.14
LHERZOLITE,44.4,0.2,4.01,38.19,3.29,0.14
LHERZOLITE,48.09,0.68,7.02,25.49,10.53,0.11
LHERZOLITE,44.16,0.13,3.66,39.1,3.03,0.14
LHERZOLITE,39.65,0.17,2.78,35.08,2.53,0.29
LHERZOLITE,40.42,0.17,1.8,35.36,2.33,0.14
LHERZOLITE,40.34,0.17,1.62,35.19,2.88,0.11
LHERZOLITE,39.62,0.2,2.81,35.06,2.55,0.29
LHERZOLITE,39.6,0.19,2.87,35.19,3.26,0.14
LHERZOLITE,40.1,0.14,4.2,35.61,1.82,0.15
LHERZOLITE,40.9,0.17,2.48,36.34,4.42,0.14
LHERZOLITE,40.0,0.29,3.9,34.0,3.3,0.18
LHERZOLITE,40.22,0.18,3.52,33.75,0.44,0.39
LHERZOLITE,41.75,0.18,3.58,35.22,1.83,0.12
LHERZOLITE,40.0,0.6,5.27,32.95,3.5,0.12
LHERZOLITE,41.6,0.06,1.33,33.3,0.82,0.2
LHERZOLITE,43.77,0.07,3.19,40.61,1.94,0.13
LHERZOLITE,44.05,0.12,3.46,38.3,3.0,0.16
LHERZOLITE,45.09,0.13,2.68,37.97,2.8,0.15
LHERZOLITE,44.87,0.16,3.74,37.63,3.16,0.15
LHERZOLITE,44.82,0.2,4.25,36.3,3.86,0.15
LHERZOLITE,44.89,0.15,3.77,37.3,3.31,0.15
LHERZOLITE,45.01,0.15,4.12,37.3,3.21,0.15
LHERZOLITE,44.73,0.16,4.31,36.63,3.51,0.15
LHERZOLITE,46.2,0.17,3.82,35.8,3.02,0.16
LHERZOLITE,50.87,0.27,6.21,28.19,5.02,0.15
LHERZOLITE,44.78,0.15,4.21,36.97,3.35,0.15
LHERZOLITE,44.43,0.14,4.09,37.13,3.39,0.15
LHERZOLITE,45.1,0.15,4.22,37.3,3.04,0.15
LHERZOLITE,44.92,0.21,4.29,36.47,3.47,0.5
LHERZOLITE,45.36,0.02,1.68,40.61,1.08,0.17
LHERZOLITE,48.58,0.23,6.88,29.67,5.52,0.15
LHERZOLITE,44.25,0.15,3.56,37.13,3.4,0.16
LHERZOLITE,38.55,0.04,2.04,35.88,0.37,0.41
LHERZOLITE,42.36,0.1,3.36,36.48,2.24,0.1
LHERZOLITE,37.62,0.03,1.72,37.8,0.5,0.05
LHERZOLITE,43.87,0.01,3.14,40.45,4.3,0.07
LHERZOLITE,40.52,0.2,3.64,33.68,0.45,0.48
LHERZOLITE,49.6,1.83,16.53,7.33,10.92,0.17
WEHRLITE,43.2,0.093,1.87,45.1,0.04,0.14
WEHRLITE,43.4,0.113,2.9,41.5,0.36,0.15
WEHRLITE,42.8,0.125,2.06,40.8,1.17,0.16
WEHRLITE,44.6,0.275,5.28,30.3,6.77,0.15
WEHRLITE,44.9,0.189,3.91,38.9,1.11,0.14
WEHRLITE,44.6,0.09,2.1,40.4,0.37,0.15
WEHRLITE,42.5,0.083,1.88,38.4,5.94,0.18
WEHRLITE,40.41,0.27,3.41,31.87,3.85,0.18
WEHRLITE,38.76,0.3,3.89,30.07,4.12,0.18
WEHRLITE,43.37,0.31,3.56,23.52,8.0,0.19
WEHRLITE,39.92,0.34,1.54,36.48,3.36,0.25
WEHRLITE,40.89,0.7,1.62,34.0,3.24,0.26
WEHRLITE,40.63,0.84,1.93,33.21,4.23,0.24
WEHRLITE,42.5,0.22,1.58,33.44,4.12,0.27
WEHRLITE,42.89,0.3,1.22,31.74,5.03,0.35
WEHRLITE,41.95,0.22,1.37,32.57,6.87,0.15
WEHRLITE,42.5,0.22,1.37,32.47,7.46,0.14
WEHRLITE,44.17,0.39,2.19,31.02,8.71,0.16
WEHRLITE,44.52,0.45,2.45,29.72,9.42,0.17
WEHRLITE,43.25,0.74,6.52,27.6,6.5,0.23
WEHRLITE,44.85,0.25,3.63,28.61,9.17,0.19
WEHRLITE,42.12,0.4,6.26,27.49,6.1,0.17
WEHRLITE,39.96,0.34,4.73,30.92,5.5,0.17
WEHRLITE,40.57,0.35,5.59,29.66,5.47,0.16
WEHRLITE,38.39,0.11,3.05,30.78,2.84,0.22
WEHRLITE,38.13,0.06,6.53,36.25,2.53,0.12
WEHRLITE,43.77,1.33,6.17,26.79,6.15,0.19
WEHRLITE,44.93,0.84,6.55,23.27,9.59,0.19
WEHRLITE,43.34,0.71,5.62,27.76,6.72,0.2
WEHRLITE,44.15,0.93,5.25,24.41,8.88,0.21
WEHRLITE,38.42,1.01,3.68,27.06,3.08,0.16
WEHRLITE,40.0,0.71,10.37,20.24,6.86,0.18
WEHRLITE,39.53,0.56,8.97,20.81,6.71,0.21
WEHRLITE,39.03,0.33,4.17,30.79,2.66,0.18
WEHRLITE,43.03,0.29,6.9,29.63,7.21,0.19
WEHRLITE,34.44,0.146,3.41,30.44,4.84,0.193
WEHRLITE,38.92,0.18,3.82,32.77,1.07,0.115
WEHRLITE,40.69,0.138,3.39,34.2,0.63,0.121
WEHRLITE,43.17,0.093,5.39,26.45,5.67,0.172
WEHRLITE,46.5,0.748,4.39,21.6,10.8,0.164
WEHRLITE,40.74,0.093,2.1,32.15,3.44,0.154
WEHRLITE,41.92,0.129,2.17,28.91,7.07,0.162
WEHRLITE,41.56,0.144,2.84,27.77,7.22,0.219
WEHRLITE,45.37,0.178,2.76,25.54,11.42,0.179
WEHRLITE,40.6,0.155,3.94,28.8,4.55,0.194
WEHRLITE,42.7,0.253,3.68,26.66,6.09,0.209
WEHRLITE,42.56,0.216,3.95,26.21,6.74,0.199
WEHRLITE,42.63,0.305,3.41,26.6,5.89,0.214
WEHRLITE,40.28,0.213,4.28,32.26,1.73,0.133
WEHRLITE,36.72,0.115,3.12,32.3,0.81,0.118
WEHRLITE,36.66,0.067,1.52,30.35,1.52,0.271
WEHRLITE,40.0,0.135,3.1,32.6,2.52,0.168
WEHRLITE,32.33,0.131,3.11,31.83,3.88,0.171
WEHRLITE,35.3,0.104,1.68,34.9,0.08,0.167
WEHRLITE,38.95,0.06,2.28,34.29,1.18,0.085
WEHRLITE,40.77,0.206,2.72,29.47,4.64,0.191
WEHRLITE,37.59,0.052,1.23,36.69,0.53,0.154
WEHRLITE,40.83,0.153,2.93,28.25,5.22,0.2
WEHRLITE,40.56,0.155,3.45,32.24,0.99,0.118
WEHRLITE,42.06,0.157,4.06,31.52,2.14,0.154
WEHRLITE,44.45,0.082,3.22,29.52,3.57,0.167
WEHRLITE,39.83,0.192,3.72,32.49,2.93,0.168
WEHRLITE,43.29,0.255,6.05,26.31,4.92,0.178
WEHRLITE,41.03,0.108,1.79,31.8,4.3,0.166
WEHRLITE,42.32,0.112,1.97,26.49,8.31,0.162
WEHRLITE,39.47,0.076,1.55,34.0,0.52,0.195
WEHRLITE,46.7,0.691,4.16,23.6,9.23,0.189
WEHRLITE,47.7,0.692,3.98,17.9,14.7,0.215
WEHRLITE,38.54,0.095,1.93,35.06,0.23,0.108
WEHRLITE,40.75,0.14,3.59,33.13,0.46,0.129
WEHRLITE,43.45,0.064,1.51,31.25,2.9,0.179
WEHRLITE,41.39,0.662,3.69,27.46,4.42,0.185
WEHRLITE,38.23,0.132,2.59,32.24,2.2,0.227
WEHRLITE,38.88,0.169,2.45,32.52,1.12,0.189
WEHRLITE,43.27,0.181,4.65,29.03,4.22,0.139
WEHRLITE,40.43,0.188,3.67,32.18,1.6,0.206
WEHRLITE,41.53,0.224,4.91,29.4,5.23,0.165
WEHRLITE,46.2,0.152,4.24,23.9,9.53,0.153
WEHRLITE,48.9,0.836,5.16,17.0,11.9,0.196
WEHRLITE,47.3,0.894,5.28,17.9,10.4,0.205
WEHRLITE,41.52,0.265,4.3,29.38,3.06,0.2
WEHRLITE,41.06,0.179,4.57,30.3,3.02,0.172
WEHRLITE,39.15,0.175,3.18,33.02,0.98,0.115
WEHRLITE,47.55,0.6,5.52,15.38,16.48,0.24
WEHRLITE,47.01,0.1,8.39,24.22,12.39,0.14
WEHRLITE,46.9,0.09,7.85,25.08,11.91,0.14
WEHRLITE,44.53,0.06,6.81,30.59,7.51,0.17
WEHRLITE,42.82,0.04,7.34,32.76,7.3,0.15
WEHRLITE,42.96,0.04,6.55,32.55,6.12,0.16
WEHRLITE,43.22,0.4,4.61,34.18,3.35,0.2
WEHRLITE,41.48,0.17,2.67,37.7,2.62,0.21
WEHRLITE,42.11,0.39,3.8,33.38,3.07,0.24
WEHRLITE,40.84,0.37,4.38,28.84,4.59,0.21
WEHRLITE,41.59,0.1,1.89,34.99,6.94,0.18
WEHRLITE,40.69,0.09,2.21,33.99,6.97,0.18
WEHRLITE,39.61,0.14,3.01,30.72,6.98,0.17
WEHRLITE,40.76,0.12,2.07,31.55,8.12,0.17
WEHRLITE,40.33,0.11,2.73,33.94,5.02,0.18
WEHRLITE,40.08,0.12,2.43,34.45,5.4,0.18
WEHRLITE,43.66,0.21,3.39,24.07,12.5,0.18
WEHRLITE,36.81,0.81,2.97,30.05,2.02,0.19
WEHRLITE,36.81,0.81,2.97,30.05,2.02,0.19
WEHRLITE,36.81,0.81,2.97,30.05,2.02,0.19
WEHRLITE,36.74,0.86,2.69,28.86,2.8,0.23
WEHRLITE,48.12,1.88,5.38,14.4,19.82,0.15
WEHRLITE,45.74,0.799,3.55,23.78,13.62,0.158
WEHRLITE,44.1,0.33,1.32,31.49,9.65,0.3
WEHRLITE,38.0,0.04,0.63,38.3,1.7,0.18
WEHRLITE,38.2,0.08,1.05,38.2,1.84,0.18
WEHRLITE,40.4,0.49,3.65,29.6,3.76,0.25
WEHRLITE,46.0,0.24,2.6,28.4,11.5,0.14
WEHRLITE,43.4,0.67,4.27,24.8,6.85,0.26
WEHRLITE,48.1,0.23,3.9,23.8,15.1,0.13
WEHRLITE,39.4,0.06,2.2,38.0,4.5,0.18
WEHRLITE,47.3,0.57,6.6,17.8,17.2,0.18
WEHRLITE,45.3,0.5,9.6,21.0,9.4,0.17
WEHRLITE,41.4,0.07,1.6,34.1,6.9,0.15
WEHRLITE,40.0,0.07,2.1,33.5,7.0,0.16
WEHRLITE,42.0,0.13,3.3,34.0,8.4,0.13
WEHRLITE,37.0,0.11,1.9,34.9,4.8,0.13
WEHRLITE,46.5,0.26,18.3,10.2,15.9,0.13
WEHRLITE,39.9,0.15,3.68,28.8,7.25,0.15
WEHRLITE,43.2,0.19,4.38,25.7,11.4,0.16
WEHRLITE,36.2,0.04,3.59,34.8,2.7,0.18
WEHRLITE,42.0,0.25,3.13,26.5,9.72,0.15
WEHRLITE,43.4,0.16,17.7,9.89,18.1,0.08
WEHRLITE,42.8,0.39,5.18,27.3,8.1,0.22
WEHRLITE,43.0,0.22,11.8,17.6,14.0,0.13
WEHRLITE,37.0,0.06,8.26,24.3,6.36,0.25
WEHRLITE,37.0,0.03,0.92,39.8,1.39,0.17
WEHRLITE,47.4,0.26,17.6,10.0,14.9,0.16
WEHRLITE,46.1,0.09,2.3,27.8,13.1,0.15
WEHRLITE,40.8,0.04,1.56,36.6,3.44,0.16
WEHRLITE,43.0,0.08,0.8,33.6,7.98,0.2
WEHRLITE,40.5,0.02,0.35,39.0,2.6,0.22
WEHRLITE,42.7,0.08,0.48,36.3,6.54,0.2
WEHRLITE,51.7,0.18,1.13,21.5,19.8,0.11
WEHRLITE,42.1,0.08,0.39,39.8,4.72,0.17
WEHRLITE,40.8,0.38,2.78,27.9,5.3,0.19
WEHRLITE,41.6,0.5,4.92,28.2,5.8,0.2
WEHRLITE,44.4,0.38,2.83,27.6,9.74,0.19
WEHRLITE,41.82,0.1,3.15,33.48,8.5,0.16
WEHRLITE,38.06,0.08,2.21,30.78,3.51,0.05
