ROCK NAME,LATITUDE,LONGITUDE,SIO2,MGO
PERIDOTITE,46.16,-107.37,40.5,38.9
PERIDOTITE,47.6372,-110.221,35.4,23.0
PERIDOTITE,47.8336,-109.21600000000001,38.0,21.9
PERIDOTITE,47.9353,-108.92,34.8,26.8
PERIDOTITE,46.6722,-106.90899999999999,21.9,19.6
PERIDOTITE,47.4333,-110.53299999999999,33.66,22.74
PERIDOTITE,47.6894,-109.288,36.0,26.18
PERIDOTITE,47.6825,-108.975,35.47,20.39
PERIDOTITE,47.6825,-108.975,35.32,19.41
PERIDOTITE,47.6375,-110.22200000000001,34.86,23.88
PERIDOTITE,47.6375,-110.22200000000001,34.33,22.26
PERIDOTITE,47.8428,-109.176,35.76,15.29
PERIDOTITE,46.4264,-107.29899999999999,13.07,14.87
PERIDOTITE,46.4267,-107.29799999999999,27.08,20.33
PERIDOTITE,46.675,-106.914,20.6,18.52
LHERZOLITE,49.0,-121.0,59.1,2.95
LHERZOLITE,49.0,-121.0,58.8,3.26
LHERZOLITE,49.0,-121.0,62.6,0.99
DUNITE,66.0,-24.0,39.72,47.05
LHERZOLITE,-2.0,136.0,39.55,42.14
LHERZOLITE,-2.0,136.0,39.95,35.85
DUNITE,3.0,-78.32,41.87,34.65
LHERZOLITE,42.0,143.0,44.94,38.81
DUNITE,49.0,-79.37,41.2,49.7
WEHRLITE,49.0,-79.37,43.2,45.1
WEHRLITE,49.0,-79.37,43.4,41.5
WEHRLITE,49.0,-79.37,42.8,40.8
WEHRLITE,49.0,-79.37,44.6,30.3
DUNITE,49.0,-79.37,42.1,50.4
DUNITE,49.0,-79.37,41.6,50.0
WEHRLITE,49.0,-79.37,44.9,38.9
WEHRLITE,49.0,-79.37,44.6,40.4
WEHRLITE,49.0,-79.37,42.5,38.4
DUNITE,48.2,-80.1,37.9,37.78
HARZBURGITE,42.0,143.0,42.92,45.65
HARZBURGITE,42.0,143.0,43.65,46.21
LHERZOLITE,42.0,143.0,44.34,42.65
HARZBURGITE,42.0,143.0,44.09,45.72
LHERZOLITE,42.0,143.0,44.26,44.43
LHERZOLITE,42.0,143.0,43.82,42.56
LHERZOLITE,42.0,143.0,44.42,42.24
LHERZOLITE,42.0,143.0,44.64,41.97
LHERZOLITE,42.0,143.0,43.93,42.01
LHERZOLITE,42.0,143.0,44.43,41.6
HARZBURGITE,42.0,143.0,43.54,46.54
HARZBURGITE,42.0,143.0,43.95,45.9
LHERZOLITE,42.0,143.0,45.22,40.39
LHERZOLITE,42.0,143.0,45.54,39.43
LHERZOLITE,42.0,143.0,45.63,38.7
LHERZOLITE,42.0,143.0,44.99,40.06
LHERZOLITE,42.0,143.0,45.08,40.18
LHERZOLITE,42.0,143.0,44.88,39.58
LHERZOLITE,42.0,143.0,45.67,38.96
LHERZOLITE,42.0,143.0,44.19,43.37
LHERZOLITE,42.0,143.0,44.61,43.12
LHERZOLITE,42.0,143.0,44.48,42.53
LHERZOLITE,42.0,143.0,44.64,42.91
LHERZOLITE,42.0,143.0,44.97,43.03
LHERZOLITE,42.0,143.0,45.49,39.31
LHERZOLITE,42.0,143.0,44.1,41.12
LHERZOLITE,42.0,143.0,44.73,41.11
LHERZOLITE,42.0,143.0,44.54,40.94
LHERZOLITE,42.0,143.0,44.63,40.74
PERIDOTITE,63.6,34.8,43.8,34.8
PERIDOTITE,63.6,34.8,44.3,37.1
PERIDOTITE,63.6,34.8,43.8,36.1
PERIDOTITE,63.6,34.8,39.9,46.5
DUNITE,63.6,34.8,45.2,34.4
PERIDOTITE,49.2,-94.6,45.5,16.4
HARZBURGITE,42.0,143.0,43.95,44.51
HARZBURGITE,42.0,143.0,43.74,46.14
LHERZOLITE,42.0,143.0,44.3,41.8
LHERZOLITE,42.0,143.0,44.02,42.56
LHERZOLITE,42.0,143.0,44.95,37.1
LHERZOLITE,42.0,143.0,44.82,38.77
LHERZOLITE,42.0,143.0,45.15,37.55
LHERZOLITE,42.0,143.0,44.41,39.1
PERIDOTITE,42.0,143.0,42.03,34.33
PERIDOTITE,42.0,143.0,40.74,36.77
PERIDOTITE,-17.7,127.7,40.95,31.16
PERIDOTITE,-17.7,127.7,40.9,30.9
PERIDOTITE,-17.7,127.7,34.73,34.83
PERIDOTITE,-17.7,127.7,36.26,33.46
HARZBURGITE,-18.4,127.4,39.53,33.23
HARZBURGITE,-18.4,127.4,36.59,35.81
HARZBURGITE,-20.7,116.75,36.57,29.23
PERIDOTITE,-31.0,122.0,46.2,33.3
PERIDOTITE,-31.0,122.0,48.4,24.9
PERIDOTITE,-31.0,122.0,47.4,24.8
PERIDOTITE,-31.0,122.0,47.1,33.8
HARZBURGITE,-26.1,30.5,42.59,32.12
PERIDOTITE,-31.0,122.0,44.02,23.02
PERIDOTITE,-31.0,122.0,44.28,24.17
PERIDOTITE,-31.0,122.0,43.55,28.22
PERIDOTITE,-31.0,122.0,40.39,33.07
PERIDOTITE,-31.0,122.0,41.45,29.36
DUNITE,48.2,-80.0,37.72,32.46
WEHRLITE,-25.945,30.7283,40.41,31.87
WEHRLITE,-26.0,30.5,38.76,30.07
WEHRLITE,-26.0,30.5,43.37,23.52
PERIDOTITE,58.08,-73.0,41.36,34.17
PERIDOTITE,58.08,-73.0,39.82,32.15
PERIDOTITE,58.08,-73.0,42.36,39.14
PERIDOTITE,58.08,-73.0,41.73,39.53
DUNITE,57.03,120.72,41.4,46.7
DUNITE,57.03,120.72,41.5,46.3
DUNITE,57.03,120.72,41.8,47.2
PERIDOTITE,57.03,120.72,41.1,47.1
PERIDOTITE,57.03,120.72,41.2,46.4
PERIDOTITE,57.03,120.72,41.7,46.3
PERIDOTITE,57.03,120.72,40.9,47.0
PERIDOTITE,57.03,120.72,41.5,47.0
PERIDOTITE,57.03,120.72,41.4,46.4
PERIDOTITE,57.03,120.72,42.8,44.0
PERIDOTITE,57.03,120.72,41.7,46.1
DUNITE,57.03,120.72,42.0,47.8
PERIDOTITE,57.03,120.72,42.0,45.4
DUNITE,57.03,120.72,42.0,47.6
DUNITE,57.03,120.72,42.6,45.7
DUNITE,57.03,120.72,41.1,48.0
DUNITE,57.03,120.72,40.5,48.5
DUNITE,57.03,120.72,40.1,50.4
HARZBURGITE,42.0,143.0,42.96,46.19
HARZBURGITE,42.0,143.0,43.36,47.08
LHERZOLITE,42.0,143.0,43.43,42.49
LHERZOLITE,42.0,143.0,43.65,42.45
LHERZOLITE,42.0,143.0,43.63,43.02
LHERZOLITE,42.0,143.0,43.82,38.8
LHERZOLITE,42.0,143.0,44.56,38.66
DUNITE,42.0,143.0,41.77,37.2
DUNITE,42.0,143.0,45.77,17.7
DUNITE,42.0,143.0,42.55,29.3
DUNITE,42.0,143.0,46.05,16.6
NOT-GIVEN,42.0,143.0,41.44,9.13
NOT-GIVEN,42.0,143.0,48.45,7.57
NOT-GIVEN,42.0,143.0,44.95,8.35
DUNITE,-25.95,30.57,26.6,30.63
DUNITE,64.9667,-49.9944,40.76,42.68
PERIDOTITE,-25.48,31.52,42.03,32.66
DUNITE,-25.5,31.3,38.5,39.13
DUNITE,-26.0,27.78,40.06,38.15
HARZBURGITE,-26.0,27.78,40.0,37.52
DUNITE,34.5,136.8,36.59,39.89
PERIDOTITE,34.5,136.8,38.75,39.04
PERIDOTITE,34.5,136.8,41.13,30.22
PERIDOTITE,34.5,136.8,43.67,21.56
HARZBURGITE,-21.72,150.3,38.59,40.2
HARZBURGITE,-22.9272,149.953,40.78,42.04
HARZBURGITE,-22.9273,149.954,40.82,41.16
HARZBURGITE,-22.9555,149.901,43.16,33.67
DUNITE,35.3,135.3,34.04,40.5
HARZBURGITE,35.3,135.3,37.22,40.12
HARZBURGITE,35.3,135.3,41.49,43.38
HARZBURGITE,35.3,135.3,38.87,40.03
HARZBURGITE,35.3,135.3,41.07,41.43
HARZBURGITE,45.78,3.08,43.21,43.08
DUNITE,45.78,3.08,39.69,44.39
DUNITE,-18.8051,48.3225,39.18,39.22
DUNITE,-18.8079,48.3352,39.53,38.87
DUNITE,-18.8079,48.3352,37.56,39.09
DUNITE,-18.85,48.32,40.12,38.39
DUNITE,-18.8079,48.3352,37.43,38.37
DUNITE,-18.8079,48.3352,39.94,37.68
WEHRLITE,-18.85,48.32,39.92,36.48
WEHRLITE,-18.8079,48.3352,40.89,34.0
WEHRLITE,-18.8079,48.3352,40.63,33.21
WEHRLITE,-18.83,48.33,42.5,33.44
WEHRLITE,-18.8079,48.3352,42.89,31.74
WEHRLITE,-18.8062,48.3373,41.95,32.57
WEHRLITE,-18.8062,48.3373,42.5,32.47
WEHRLITE,-18.83,48.33,44.17,31.02
WEHRLITE,-18.8051,48.3225,44.52,29.72
DUNITE,-41.5,145.5,46.3,46.09
DUNITE,-41.5,145.5,39.56,44.82
DUNITE,-41.5,145.5,36.65,38.46
PERIDOTITE,60.8,-71.0,40.33,36.28
PERIDOTITE,60.8,-71.0,37.16,35.45
DUNITE,3.0,-78.32,41.7,34.2
WEHRLITE,3.0,-78.32,43.25,27.6
DUNITE,3.0,-78.32,42.85,31.5
PERIDOTITE,69.48,30.75,36.74,28.86
PERIDOTITE,-26.6,118.5,54.49,16.42
DUNITE,48.6,-80.5,44.1,37.0
DUNITE,48.6,-80.5,45.1,35.7
DUNITE,48.6,-80.5,45.4,36.3
DUNITE,48.6,-80.5,45.7,35.9
DUNITE,48.6,-80.5,43.1,36.8
PERIDOTITE,48.6,-80.5,44.3,30.5
DUNITE,7.95,-11.19,36.3,45.7
DUNITE,65.0,176.0,34.32,41.8
DUNITE,65.0,176.0,38.98,42.89
HARZBURGITE,65.0,176.0,40.46,38.94
HARZBURGITE,65.0,176.0,40.89,38.42
HARZBURGITE,65.0,176.0,40.07,37.72
DUNITE,38.79,15.21,40.4,47.82
WEHRLITE,38.79,15.21,44.85,28.61
HARZBURGITE,17.7,147.5,46.6,24.68
HARZBURGITE,12.1,143.9,42.64,36.84
PERIDOTITE,35.1,138.3,40.63,36.09
PERIDOTITE,35.1,138.3,38.7,32.88
PERIDOTITE,35.1,138.3,39.71,35.19
WEHRLITE,2.5,-76.4,42.12,27.49
WEHRLITE,2.5,-76.4,39.96,30.92
WEHRLITE,2.5,-76.4,40.57,29.66
PERIDOTITE,48.2,-80.1,36.88,35.5
PERIDOTITE,48.2,-80.1,43.25,26.7
PERIDOTITE,48.2,-80.1,37.9,35.0
PERIDOTITE,48.2,-80.1,36.2,33.5
PERIDOTITE,48.2,-80.1,34.5,34.5
PERIDOTITE,48.2,-80.1,35.5,35.8
HARZBURGITE,-46.65,-75.45,38.5,36.4
HARZBURGITE,-46.65,-75.45,38.0,37.85
HARZBURGITE,56.6108,-102.82600000000001,41.95,34.25
DUNITE,70.0,100.0,39.69,45.33
PERIDOTITE,53.0,-121.5,43.54,29.39
HARZBURGITE,54.82,-125.17,55.23,35.67
HARZBURGITE,54.82,-125.17,44.69,45.23
HARZBURGITE,54.82,-125.17,44.31,45.81
HARZBURGITE,54.82,-125.17,43.89,45.71
LHERZOLITE,54.4,-124.0,46.23,33.15
PERIDOTITE,38.2,141.0,40.47,9.37
DUNITE,61.56,-73.47,38.2,29.77
DUNITE,61.5,-73.7,38.85,26.66
DUNITE,61.5,-73.7,38.29,27.46
DUNITE,61.5,-73.7,38.0,26.62
DUNITE,61.5,-73.7,39.69,26.48
PERIDOTITE,61.5,-73.7,38.79,26.24
PERIDOTITE,61.5,-73.7,39.36,24.21
PERIDOTITE,61.5,-73.7,39.1,23.92
PERIDOTITE,61.5,-73.7,40.83,23.97
PERIDOTITE,61.5,-73.7,36.86,17.39
PERIDOTITE,61.5,-73.7,42.27,24.56
PERIDOTITE,61.5,-73.7,38.37,23.87
PERIDOTITE,61.5,-73.7,42.63,22.06
PERIDOTITE,61.5,-73.7,40.65,21.45
PERIDOTITE,61.5,-73.7,42.12,22.81
PERIDOTITE,66.78,32.0,43.87,32.52
HARZBURGITE,20.59,-74.78,38.55,38.01
HARZBURGITE,20.59,-74.78,39.23,36.81
HARZBURGITE,20.59,-74.78,41.89,37.63
HARZBURGITE,20.59,-74.78,36.66,38.26
HARZBURGITE,20.59,-74.78,38.02,35.47
HARZBURGITE,20.59,-74.78,38.23,40.62
HARZBURGITE,20.59,-74.78,37.45,38.24
HARZBURGITE,20.59,-74.78,38.19,39.09
HARZBURGITE,20.59,-74.78,39.11,40.34
DUNITE,20.59,-74.78,36.81,38.65
DUNITE,20.59,-74.78,38.66,35.69
DUNITE,20.59,-74.78,38.29,36.31
DUNITE,20.59,-74.78,37.01,39.41
DUNITE,20.59,-74.78,36.79,39.1
DUNITE,20.59,-74.78,34.57,39.64
DUNITE,20.59,-74.78,35.86,38.42
HARZBURGITE,20.46,-75.7,39.67,37.63
HARZBURGITE,20.46,-75.7,39.07,35.46
HARZBURGITE,20.46,-75.7,44.63,40.82
HARZBURGITE,20.46,-75.7,41.16,35.95
HARZBURGITE,20.46,-75.7,39.93,35.4
HARZBURGITE,20.46,-75.7,39.39,35.23
HARZBURGITE,20.46,-75.7,39.24,33.71
HARZBURGITE,20.46,-75.7,39.71,36.13
DUNITE,20.46,-75.7,39.33,36.55
DUNITE,20.46,-75.7,39.62,33.84
WEHRLITE,20.59,-74.78,38.39,30.78
WEHRLITE,20.59,-74.78,38.13,36.25
LHERZOLITE,42.0,143.0,44.95,41.99
LHERZOLITE,42.0,143.0,43.95,39.01
WEHRLITE,-49.7114,70.0801,43.77,26.79
WEHRLITE,-49.7114,70.0801,44.93,23.27
WEHRLITE,-49.7114,70.0801,43.34,27.76
WEHRLITE,-49.7114,70.0801,44.15,24.41
HARZBURGITE,43.8576,103.073,40.92,38.13
HARZBURGITE,44.4354,100.749,42.77,36.94
PERIDOTITE,47.5922,86.6405,42.06,41.96
PERIDOTITE,69.39,30.23,38.35,33.76
PERIDOTITE,69.39,30.23,43.46,27.01
PERIDOTITE,69.39,30.23,41.81,25.18
PERIDOTITE,69.39,30.23,43.16,23.29
PERIDOTITE,69.42,30.32,38.45,27.27
PERIDOTITE,69.42,30.32,34.69,26.5
PERIDOTITE,69.43,30.23,37.27,29.69
PERIDOTITE,69.43,30.43,39.85,33.48
PERIDOTITE,69.43,30.43,36.72,30.46
PERIDOTITE,69.43,30.43,36.31,28.92
PERIDOTITE,69.43,30.43,40.62,10.8
PERIDOTITE,69.48,30.75,37.16,33.87
PERIDOTITE,69.48,30.75,37.62,33.3
PERIDOTITE,69.48,30.75,36.08,31.03
PERIDOTITE,69.48,30.75,36.092,30.807
PERIDOTITE,69.43,30.43,36.115,30.894000000000002
PERIDOTITE,69.39,30.23,43.46,27.01
PERIDOTITE,69.4,30.6,47.13,16.33
PERIDOTITE,69.5,30.8,42.48,19.33
PERIDOTITE,69.5,30.8,42.629,17.984
PERIDOTITE,69.5,30.8,44.056000000000004,18.964000000000002
WEHRLITE,69.4,30.0,38.42,27.06
HARZBURGITE,12.7165,-90.932,37.81,37.29
HARZBURGITE,12.8057,-90.6965,37.04,36.68
HARZBURGITE,12.7985,-90.6998,37.45,34.58
HARZBURGITE,12.7985,-90.6998,36.17,37.71
HARZBURGITE,12.814,-90.6922,36.76,36.5
HARZBURGITE,12.814,-90.6922,36.65,36.57
WEHRLITE,69.25,88.0,40.0,20.24
WEHRLITE,69.25,88.0,39.53,20.81
WEHRLITE,63.6,34.8,39.03,30.79
LHERZOLITE,63.6,34.8,43.11,28.65
DUNITE,28.67,-17.9,37.65,29.18
LHERZOLITE,25.72,109.87,47.89,15.8
PERIDOTITE,69.33,30.05,33.35,28.81
PERIDOTITE,69.42,30.6,42.24,34.61
PERIDOTITE,69.4,30.0,41.92,20.6
PERIDOTITE,69.4,30.0,18.58,17.25
PERIDOTITE,69.42,30.32,37.17,30.96
PERIDOTITE,69.3,29.8,36.15,32.36
PERIDOTITE,69.39,30.83,39.47,22.95
PERIDOTITE,69.42,30.6,33.8,23.3
PERIDOTITE,69.42,30.6,36.9,26.7
PERIDOTITE,68.93,29.95,38.59,25.01
PERIDOTITE,68.93,29.95,23.72,20.75
PERIDOTITE,68.93,29.95,34.78,30.36
PERIDOTITE,68.93,29.95,22.0,19.44
PERIDOTITE,68.93,29.95,39.12,24.14
DUNITE,50.7,14.92,33.11,24.37
LHERZOLITE,69.3962,30.6087,41.86,17.52
PERIDOTITE,69.3962,30.6087,37.85,26.17
LHERZOLITE,69.3962,30.6087,43.47,18.38
LHERZOLITE,69.3962,30.6087,42.99,18.12
PERIDOTITE,48.78,-85.03,39.19,26.87
PERIDOTITE,48.78,-85.03,38.89,28.4
DUNITE,3.0,-78.32,41.88,35.41
WEHRLITE,3.0,-78.32,43.03,29.63
PERIDOTITE,-43.5,170.0,38.4,12.79
PERIDOTITE,-43.5,170.0,35.0,18.4
PERIDOTITE,-43.5,170.0,33.6,11.9
PERIDOTITE,-43.5,170.0,37.7,12.6
WEHRLITE,64.3047,29.0505,34.44,30.44
WEHRLITE,64.304,29.0531,38.92,32.77
WEHRLITE,64.3038,29.0545,40.69,34.2
WEHRLITE,64.2753,29.0678,43.17,26.45
WEHRLITE,64.2728,29.0764,46.5,21.6
WEHRLITE,64.2487,29.0291,40.74,32.15
WEHRLITE,64.2486,29.0291,41.92,28.91
WEHRLITE,64.2486,29.0294,41.56,27.77
WEHRLITE,64.2484,29.0295,45.37,25.54
WEHRLITE,64.2483,29.0303,40.6,28.8
WEHRLITE,64.2482,29.0305,42.7,26.66
WEHRLITE,64.2481,29.0305,42.56,26.21
WEHRLITE,64.248,29.0306,42.63,26.6
WEHRLITE,64.2478,29.0489,40.28,32.26
WEHRLITE,64.237,29.0854,36.72,32.3
WEHRLITE,64.2842,29.0835,36.66,30.35
WEHRLITE,64.2371,29.0856,40.0,32.6
WEHRLITE,64.2378,29.0841,32.33,31.83
WEHRLITE,64.2434,29.0248,35.3,34.9
WEHRLITE,64.2453,29.0244,38.95,34.29
WEHRLITE,64.2469,29.0291,40.77,29.47
WEHRLITE,64.2467,29.0411,37.59,36.69
WEHRLITE,64.2488,29.0298,40.83,28.25
DUNITE,64.2495,29.038,34.08,39.82
WEHRLITE,64.2506,29.0525,40.56,32.24
DUNITE,64.2626,29.0455,37.62,38.97
DUNITE,64.2722,29.0462,38.96,37.35
DUNITE,64.2724,29.0509,36.0,37.08
WEHRLITE,64.2721,29.0594,42.06,31.52
WEHRLITE,64.275,29.0612,44.45,29.52
DUNITE,64.2757,29.0532,39.84,36.7
WEHRLITE,64.2773,29.0588,39.83,32.49
WEHRLITE,64.2825,29.0546,43.29,26.31
DUNITE,64.2855,29.0582,38.99,35.78
DUNITE,64.2887,29.0617,36.64,37.29
DUNITE,64.2913,29.0773,39.37,34.14
DUNITE,64.2934,29.0698,36.75,37.0
DUNITE,64.2581,29.0457,35.8,38.95
DUNITE,64.251,29.0969,29.99,36.96
DUNITE,64.2504,29.0782,37.58,35.57
WEHRLITE,64.2532,29.0568,41.03,31.8
DUNITE,64.2578,29.0493,37.11,39.66
WEHRLITE,64.2546,29.0646,42.32,26.49
DUNITE,64.2566,29.0618,36.56,37.52
DUNITE,64.2597,29.0567,34.02,39.26
WEHRLITE,64.2654,29.0562,39.47,34.0
DUNITE,64.2687,29.0667,37.84,37.48
DUNITE,64.2594,29.1007,39.26,36.75
WEHRLITE,64.26,29.1103,46.7,23.6
WEHRLITE,64.2621,29.1106,47.7,17.9
WEHRLITE,64.2641,29.1149,38.54,35.06
DUNITE,64.2659,29.093000000000004,38.78,34.91
WEHRLITE,64.2704,29.0712,40.75,33.13
DUNITE,64.2703,29.0917,36.81,39.1
WEHRLITE,64.2725,29.0906,43.45,31.25
WEHRLITE,64.2731,29.0762,41.39,27.46
WEHRLITE,64.2763,29.0734,38.23,32.24
WEHRLITE,64.278,29.0765,38.88,32.52
WEHRLITE,64.2776,29.0933,43.27,29.03
DUNITE,64.2747,29.1106,34.31,34.54
WEHRLITE,64.2774,29.1116,40.43,32.18
WEHRLITE,64.2794,29.1178,41.53,29.4
DUNITE,64.2823,29.1157,37.03,37.52
DUNITE,64.2847,29.1086,35.79,38.2
WEHRLITE,64.2822,29.0869,46.2,23.9
WEHRLITE,64.2701,29.1086,48.9,17.0
WEHRLITE,64.2847,29.0844,47.3,17.9
WEHRLITE,64.2495,29.0811,41.52,29.38
WEHRLITE,64.2501,29.1086,41.06,30.3
WEHRLITE,64.3049,29.0498,39.15,33.02
DUNITE,66.5276,29.2508,33.9,33.9
PERIDOTITE,63.1283,-50.6125,48.6,19.4
PERIDOTITE,63.1289,-50.6103,45.7,25.6
PERIDOTITE,63.1383,-50.6133,46.2,19.9
PERIDOTITE,63.1286,-50.6117,41.5,33.2
PERIDOTITE,63.1289,-50.6111,45.2,27.1
PERIDOTITE,63.0051,49.4751,44.3,27.1
PERIDOTITE,63.1289,-50.6103,52.0,21.1
PERIDOTITE,63.1367,-50.6144,44.9,21.5
PERIDOTITE,63.1283,-50.6125,41.5,33.4
DUNITE,72.0,101.0,41.21,46.46
DUNITE,72.0,101.0,40.78,45.78
DUNITE,72.0,101.0,39.09,44.44
PERIDOTITE,-3.85,-32.42,44.9,10.45
WEHRLITE,-33.6472,147.408,47.55,15.38
DUNITE,-0.23,-78.05,40.7,45.79
WEHRLITE,-0.23,-78.05,47.01,24.22
WEHRLITE,-0.23,-78.05,46.9,25.08
WEHRLITE,-0.23,-78.05,44.53,30.59
WEHRLITE,-0.23,-78.05,42.82,32.76
WEHRLITE,-0.23,-78.05,42.96,32.55
WEHRLITE,11.5,-12.5,43.22,34.18
WEHRLITE,11.5,-12.5,41.48,37.7
DUNITE,9.77,-13.45,41.07,41.37
WEHRLITE,9.77,-13.45,42.11,33.38
PERIDOTITE,26.7,102.2,43.47,24.52
PERIDOTITE,26.7,102.2,38.89,23.18
PERIDOTITE,26.7,102.2,38.12,22.8
PERIDOTITE,26.7,102.2,35.58,22.66
PERIDOTITE,26.7,102.2,43.27,24.68
PERIDOTITE,26.7,102.2,41.49,24.75
PERIDOTITE,26.7,102.2,42.57,24.52
PERIDOTITE,26.7,102.2,45.35,20.94
PERIDOTITE,26.7,102.2,43.57,25.74
PERIDOTITE,26.5,101.7,41.76,23.3
PERIDOTITE,26.5,101.7,40.55,22.57
PERIDOTITE,26.5,101.7,43.07,17.96
PERIDOTITE,26.5,101.7,41.73,17.06
PERIDOTITE,26.5,101.7,40.68,23.69
WEHRLITE,13.0,-12.0,40.84,28.84
LHERZOLITE,13.0,-12.0,38.95,32.67
PERIDOTITE,50.0,100.0,38.75,17.9
PERIDOTITE,21.2722,104.24799999999999,40.0,39.0
WEHRLITE,52.0,85.5,41.59,34.99
DUNITE,52.0,85.5,39.26,30.09
WEHRLITE,52.0,85.5,40.69,33.99
WEHRLITE,52.0,85.5,39.61,30.72
WEHRLITE,52.0,85.5,40.76,31.55
WEHRLITE,52.0,85.5,40.33,33.94
WEHRLITE,52.0,85.5,40.08,34.45
WEHRLITE,52.0,85.5,43.66,24.07
LHERZOLITE,35.6,5.4,44.91,39.79
LHERZOLITE,35.6,5.4,42.99,46.11
LHERZOLITE,35.6,5.4,44.29,43.63
LHERZOLITE,35.6,5.4,44.13,41.11
LHERZOLITE,35.6,5.4,43.91,44.68
LHERZOLITE,35.6,5.4,44.89,41.17
LHERZOLITE,35.6,5.4,44.73,40.73
PERIDOTITE,69.42,30.32,37.58,28.87
WEHRLITE,69.48,30.75,36.81,30.05
WEHRLITE,69.48,30.75,36.81,30.05
WEHRLITE,69.48,30.75,36.81,30.05
PYROXENITE,69.48,30.75,45.93,15.69
WEHRLITE,69.48,30.75,36.74,28.86
WEHRLITE,28.35,-14.12,48.12,14.4
LHERZOLITE,-30.1647,141.67600000000002,38.63,23.86
PERIDOTITE,-30.6795,142.123,38.18,25.39
WEHRLITE,49.9,14.0,38.84,25.49
WEHRLITE,49.9,14.0,38.2,24.79
WEHRLITE,49.9,14.0,37.68,26.19
LHERZOLITE,37.67,-1.15,43.11,13.46
DUNITE,-28.5,121.5,40.74,48.3
DUNITE,-28.5,121.5,40.84,48.43
DUNITE,-28.5,121.5,41.53,47.98
DUNITE,-28.5,121.5,40.78,49.14
DUNITE,-28.5,121.5,41.05,49.05
PERIDOTITE,60.17,22.75,44.24,26.12
NOT-GIVEN,45.78,3.08,49.41,35.49
NOT-GIVEN,45.78,3.08,48.05,34.61
NOT-GIVEN,45.78,3.08,43.62,42.61
DUNITE,42.0,143.0,40.78,47.49
HARZBURGITE,42.0,143.0,43.87,46.65
HARZBURGITE,42.0,143.0,43.99,46.36
HARZBURGITE,42.0,143.0,43.98,45.46
HARZBURGITE,42.0,143.0,43.91,45.88
LHERZOLITE,42.0,143.0,44.27,44.6
LHERZOLITE,42.0,143.0,43.82,44.36
LHERZOLITE,42.0,143.0,44.51,42.47
LHERZOLITE,42.0,143.0,44.45,43.41
LHERZOLITE,42.0,143.0,44.5,43.04
LHERZOLITE,42.0,143.0,44.79,42.7
LHERZOLITE,42.0,143.0,44.25,42.47
PICRITE,69.39,30.83,39.6,29.4
LHERZOLITE,42.0,143.0,44.62,42.92
PERIDOTITE,43.85,146.78,38.68,34.76
DUNITE,42.0,143.0,41.45,49.59
LHERZOLITE,42.0,143.0,44.49,38.5
LHERZOLITE,42.0,143.0,44.28,41.26
LHERZOLITE,42.0,143.0,44.51,39.46
LHERZOLITE,42.0,143.0,44.66,39.94
LHERZOLITE,42.0,143.0,44.73,41.24
LHERZOLITE,42.0,143.0,44.28,41.23
LHERZOLITE,42.0,143.0,43.89,45.65
LHERZOLITE,42.0,143.0,44.36,43.76
LHERZOLITE,42.0,143.0,44.34,43.0
LHERZOLITE,42.0,143.0,44.74,42.65
LHERZOLITE,42.0,143.0,46.26,33.08
LHERZOLITE,42.0,143.0,43.88,38.55
LHERZOLITE,42.0,143.0,44.64,39.18
LHERZOLITE,42.0,143.0,43.7,38.95
HARZBURGITE,42.0,143.0,41.13,48.23
DUNITE,42.0,143.0,39.58,47.37
HARZBURGITE,42.0,143.0,43.57,46.34
LHERZOLITE,42.0,143.0,44.44,39.9
LHERZOLITE,42.0,143.0,44.21,41.64
LHERZOLITE,42.0,143.0,44.87,39.2
LHERZOLITE,42.0,143.0,44.46,44.02
LHERZOLITE,42.0,143.0,44.67,44.52
LHERZOLITE,42.0,143.0,44.13,44.16
LHERZOLITE,42.0,143.0,43.49,44.36
LHERZOLITE,42.0,143.0,44.2,43.68
LHERZOLITE,42.0,143.0,44.53,41.97
LHERZOLITE,42.0,143.0,44.4,44.22
LHERZOLITE,42.0,143.0,44.81,44.69
HARZBURGITE,42.0,143.0,43.93,44.86
LHERZOLITE,42.0,143.0,44.8,43.52
LHERZOLITE,42.0,143.0,44.71,43.39
LHERZOLITE,42.0,143.0,43.47,45.84
LHERZOLITE,42.0,143.0,43.17,44.23
LHERZOLITE,42.0,143.0,44.18,43.41
LHERZOLITE,42.0,143.0,44.64,40.91
LHERZOLITE,42.0,143.0,43.95,40.8
LHERZOLITE,42.0,143.0,45.26,38.42
HARZBURGITE,42.0,143.0,44.12,48.38
HARZBURGITE,42.0,143.0,42.5,48.38
HARZBURGITE,42.0,143.0,44.18,47.71
LHERZOLITE,42.0,143.0,46.5,43.19
LHERZOLITE,42.0,143.0,44.91,39.27
LHERZOLITE,42.0,143.0,44.73,40.38
LHERZOLITE,42.0,143.0,44.91,39.79
LHERZOLITE,42.0,143.0,44.93,41.5
LHERZOLITE,42.0,143.0,44.54,41.17
HARZBURGITE,42.0,143.0,43.99,46.2
LHERZOLITE,42.0,143.0,44.93,39.55
LHERZOLITE,42.0,143.0,44.08,42.77
LHERZOLITE,42.0,143.0,44.01,43.14
HARZBURGITE,42.0,143.0,44.23,46.52
LHERZOLITE,42.0,143.0,44.39,43.14
LHERZOLITE,42.0,143.0,43.93,43.25
LHERZOLITE,42.0,143.0,42.74,27.1
LHERZOLITE,42.0,143.0,42.43,30.38
LHERZOLITE,42.0,143.0,41.84,25.75
LHERZOLITE,42.0,143.0,44.24,26.56
LHERZOLITE,42.0,143.0,43.37,25.93
LHERZOLITE,42.0,143.0,42.69,25.06
LHERZOLITE,42.0,143.0,44.28,26.21
LHERZOLITE,42.0,143.0,42.94,25.94
LHERZOLITE,42.0,143.0,41.84,25.73
LHERZOLITE,42.0,143.0,45.14,25.41
LHERZOLITE,42.0,143.0,45.04,28.24
LHERZOLITE,42.0,143.0,44.73,28.74
LHERZOLITE,42.0,143.0,42.5,38.25
LHERZOLITE,42.0,143.0,40.79,41.65
LHERZOLITE,42.0,143.0,41.53,40.5
LHERZOLITE,42.0,143.0,40.24,40.59
LHERZOLITE,42.0,143.0,42.81,40.46
LHERZOLITE,42.0,143.0,42.88,39.45
LHERZOLITE,42.0,143.0,41.16,41.9
LHERZOLITE,42.0,143.0,43.56,39.67
LHERZOLITE,42.0,143.0,41.24,42.97
LHERZOLITE,42.0,143.0,40.74,43.56
LHERZOLITE,42.0,143.0,43.15,41.73
LHERZOLITE,42.0,143.0,41.8,43.28
LHERZOLITE,42.0,143.0,42.48,42.65
LHERZOLITE,42.0,143.0,41.03,43.9
LHERZOLITE,42.0,143.0,41.26,43.6
LHERZOLITE,42.0,143.0,40.92,45.58
LHERZOLITE,42.0,143.0,41.61,44.6
LHERZOLITE,42.0,143.0,40.63,43.94
LHERZOLITE,42.0,143.0,40.91,46.74
LHERZOLITE,42.0,143.0,41.09,47.37
HARZBURGITE,42.0,143.0,40.79,48.09
LHERZOLITE,42.0,143.0,41.42,40.34
LHERZOLITE,42.0,143.0,41.33,38.82
LHERZOLITE,42.0,143.0,42.51,38.58
LHERZOLITE,42.0,143.0,41.63,41.25
LHERZOLITE,42.0,143.0,43.99,38.48
LHERZOLITE,42.0,143.0,41.76,43.17
LHERZOLITE,42.0,143.0,41.99,41.58
LHERZOLITE,42.0,143.0,39.92,43.01
LHERZOLITE,42.0,143.0,39.49,48.21
LHERZOLITE,42.0,143.0,41.36,43.35
LHERZOLITE,42.0,143.0,41.95,44.43
LHERZOLITE,42.0,143.0,40.04,44.01
LHERZOLITE,42.0,143.0,40.86,44.84
LHERZOLITE,42.0,143.0,40.9,45.29
LHERZOLITE,42.0,143.0,40.72,44.99
LHERZOLITE,42.0,143.0,41.21,44.94
LHERZOLITE,42.0,143.0,40.82,47.59
LHERZOLITE,42.0,143.0,42.41,42.77
LHERZOLITE,42.0,143.0,40.7,47.11
LHERZOLITE,42.0,143.0,39.35,47.82
LHERZOLITE,42.0,143.0,41.96,47.38
HARZBURGITE,42.0,143.0,40.46,47.59
HARZBURGITE,42.0,143.0,36.78,50.43
HARZBURGITE,42.0,143.0,37.2,48.41
HARZBURGITE,42.0,143.0,39.78,46.64
HARZBURGITE,42.0,143.0,39.41,47.78
HARZBURGITE,42.0,143.0,39.97,47.21
HARZBURGITE,42.0,143.0,39.78,47.89
HARZBURGITE,42.0,143.0,38.84,49.44
HARZBURGITE,42.0,143.0,40.62,48.15
DUNITE,42.0,143.0,38.71,45.58
LHERZOLITE,42.0,143.0,41.68,40.23
LHERZOLITE,42.0,143.0,40.26,42.29
LHERZOLITE,42.0,143.0,43.36,39.31
DUNITE,42.0,143.0,46.8,15.9
DUNITE,42.0,143.0,46.35,12.97
DUNITE,42.0,143.0,45.54,20.36
DUNITE,42.0,143.0,44.34,19.65
DUNITE,42.0,143.0,45.46,23.34
DUNITE,42.0,143.0,44.28,18.74
DUNITE,42.0,143.0,48.49,13.12
DUNITE,42.0,143.0,44.75,12.72
DUNITE,42.0,143.0,44.16,27.44
DUNITE,42.0,143.0,45.25,18.01
DUNITE,42.0,143.0,46.59,17.12
DUNITE,42.0,143.0,43.82,12.82
DUNITE,42.0,143.0,45.45,11.2
PERIDOTITE,65.12,29.17,37.2,29.22
PERIDOTITE,47.0,-90.0,32.9,20.14
LHERZOLITE,42.0,143.0,43.87,37.8
LHERZOLITE,42.0,143.0,44.22,42.23
LHERZOLITE,42.0,143.0,42.27,46.34
HARZBURGITE,42.0,143.0,42.61,45.94
LHERZOLITE,42.0,143.0,43.22,43.42
WEHRLITE,-21.23,55.68,45.74,23.78
DUNITE,58.75,125.3,40.52,49.0
PERIDOTITE,42.0,143.0,45.56,7.46
PERIDOTITE,42.0,143.0,42.16,38.69
PERIDOTITE,42.0,143.0,41.2,48.81
PERIDOTITE,42.0,143.0,40.86,45.15
PERIDOTITE,42.0,143.0,43.28,32.8
PERIDOTITE,42.0,143.0,44.2,29.8
PERIDOTITE,57.0,-5.7,41.6,25.61
PERIDOTITE,57.0,-5.7,40.29,35.46
PERIDOTITE,33.4,129.9,48.46,26.63
PERIDOTITE,39.95,139.73,44.59,41.1
PERIDOTITE,42.0,143.0,43.6,47.65
PERIDOTITE,42.0,143.0,43.22,43.8
PERIDOTITE,42.0,143.0,44.4,44.05
PERIDOTITE,42.0,143.0,43.55,40.22
PERIDOTITE,42.0,143.0,44.62,38.8
LHERZOLITE,42.8,142.5,44.41,39.64
PERIDOTITE,33.0,129.5,38.59,24.7
LHERZOLITE,42.0,143.0,44.96,39.49
LHERZOLITE,42.0,143.0,44.85,40.47
HARZBURGITE,42.0,143.0,43.53,46.01
HARZBURGITE,42.0,143.0,43.81,46.53
HARZBURGITE,42.0,143.0,44.45,46.41
LHERZOLITE,42.0,143.0,44.37,45.54
LHERZOLITE,42.0,143.0,45.09,43.4
LHERZOLITE,42.0,143.0,44.85,41.99
LHERZOLITE,42.0,143.0,44.6,40.25
LHERZOLITE,42.0,143.0,43.95,45.97
HARZBURGITE,42.0,143.0,43.92,47.17
LHERZOLITE,42.0,143.0,45.12,38.7
LHERZOLITE,42.0,143.0,44.53,40.58
LHERZOLITE,42.0,143.0,46.31,36.57
DUNITE,42.0,143.0,39.67,48.71
DUNITE,42.0,143.0,39.99,47.8
DUNITE,42.0,143.0,42.47,45.88
PERIDOTITE,42.0,143.0,41.97,43.35
PERIDOTITE,42.0,143.0,42.02,43.35
PERIDOTITE,42.0,143.0,42.98,42.81
PERIDOTITE,42.0,143.0,43.05,41.81
PERIDOTITE,56.05,163.07,42.12,45.64
PERIDOTITE,56.05,163.07,42.7,9.49
PERIDOTITE,56.05,163.07,40.09,23.68
HARZBURGITE,55.0,161.0,43.1,43.46
HARZBURGITE,55.0,161.0,38.27,40.73
HARZBURGITE,55.0,161.0,39.94,39.49
HARZBURGITE,55.0,161.0,35.97,40.57
HARZBURGITE,55.0,161.0,42.13,37.59
HARZBURGITE,55.0,161.0,36.87,40.66
PERIDOTITE,55.0,161.0,43.85,15.74
PERIDOTITE,55.0,161.0,44.07,15.35
DUNITE,53.255,158.83,43.4,45.49
WEHRLITE,53.255,158.83,44.1,31.49
DUNITE,-46.53,168.23,38.7,41.53
DUNITE,-46.53,168.23,37.37,44.03
LHERZOLITE,42.0,143.0,41.93,25.91
LHERZOLITE,42.0,143.0,44.28,26.25
LHERZOLITE,42.0,143.0,44.2,24.33
LHERZOLITE,42.0,143.0,47.08,25.27
PERIDOTITE,42.0,143.0,41.93,26.96
PERIDOTITE,42.0,143.0,44.42,23.15
DUNITE,-2.52,121.37,41.35,47.9
HARZBURGITE,-2.52,121.37,44.3,43.0
LHERZOLITE,-2.52,121.37,43.5,38.0
DUNITE,19.75,-155.88299999999998,39.33,44.9
PERIDOTITE,21.35,-157.9,50.2,19.0
PERIDOTITE,21.35,-157.9,49.52,17.97
PERIDOTITE,21.35,-157.9,45.59,19.46
PERIDOTITE,21.35,-157.9,48.42,16.85
PERIDOTITE,39.9167,-121.03299999999999,42.32,39.03
PERIDOTITE,21.25,-157.9,44.57,13.34
DUNITE,21.3833,-157.65,38.78,43.46
PERIDOTITE,34.5,-116.5,44.08,39.06
PERIDOTITE,21.25,-157.9,50.59,29.48
PERIDOTITE,34.5,-116.5,44.31,40.56
PERIDOTITE,34.5,-116.5,43.71,18.59
PERIDOTITE,34.5,-116.5,44.12,39.63
PERIDOTITE,34.5,-116.5,44.65,37.43
PERIDOTITE,34.5,-116.5,44.43,39.14
PERIDOTITE,34.5,-116.5,39.52,37.53
PERIDOTITE,34.5,-116.5,43.68,44.64
PERIDOTITE,34.5,-116.5,44.82,40.85
PERIDOTITE,34.5,-116.5,44.38,39.06
PERIDOTITE,34.5,-115.5,44.81,39.18
PERIDOTITE,34.5,-115.5,44.06,40.97
PERIDOTITE,34.5,-115.875,42.82,12.96
PERIDOTITE,40.75,-106.5,44.22,23.71
PERIDOTITE,40.875,-106.625,45.11,18.67
PERIDOTITE,40.75,-106.625,48.5,20.67
PERIDOTITE,40.75,-106.625,48.98,19.98
PERIDOTITE,40.5,-106.75,42.49,26.09
DUNITE,40.625,-106.75,36.5,29.2
PERIDOTITE,40.875,-106.75,40.67,23.83
PERIDOTITE,40.875,-106.75,40.0,30.74
PERIDOTITE,35.2333,-115.75,41.62,35.39
PERIDOTITE,35.2333,-115.75,41.69,37.99
PERIDOTITE,40.875,-106.625,45.13,18.73
DUNITE,19.75,-155.86700000000002,41.55,39.1
DUNITE,19.75,-155.86700000000002,39.92,46.06
DUNITE,19.75,-155.86700000000002,39.44,45.22
DUNITE,19.75,-155.86700000000002,40.11,46.77
DUNITE,19.75,-155.86700000000002,40.31,45.07
PERIDOTITE,19.75,-155.86700000000002,43.55,32.06
PERIDOTITE,19.75,-155.86700000000002,42.91,37.05
PERIDOTITE,19.75,-155.86700000000002,49.38,16.79
PERIDOTITE,19.75,-155.86700000000002,45.42,31.93
PERIDOTITE,19.75,-155.86700000000002,43.6,29.53
PERIDOTITE,19.75,-155.86700000000002,42.51,36.88
PERIDOTITE,19.75,-155.86700000000002,49.54,19.8
DUNITE,40.625,-106.75,36.6,28.3
PERIDOTITE,38.0,-105.25,35.0,11.8
DUNITE,44.35,-118.936,35.5,41.6
DUNITE,44.35,-118.936,35.5,41.6
DUNITE,44.35,-118.936,35.1,42.8
PERIDOTITE,44.3586,-118.925,41.1,37.3
DUNITE,44.3608,-118.927,38.8,38.8
PERIDOTITE,44.7689,-117.383,43.2,5.3
PERIDOTITE,46.75,-111.75,48.6,38.9
PERIDOTITE,42.68,-70.9381,37.9,6.4
PERIDOTITE,42.6783,-70.9258,42.5,39.8
PERIDOTITE,42.6947,-70.9142,43.1,30.8
DUNITE,63.0,-144.0,38.8,43.5
PERIDOTITE,40.75,-106.0,72.8,14.8
PERIDOTITE,40.75,-106.0,69.1,14.7
PERIDOTITE,41.8833,-123.98299999999999,41.2,39.1
PERIDOTITE,42.4167,-124.03299999999999,40.4,37.1
PERIDOTITE,42.1,-123.867,39.4,36.5
PERIDOTITE,42.4333,-124.01700000000001,38.7,36.8
PERIDOTITE,42.2667,-123.833,38.9,36.9
PERIDOTITE,42.4167,-124.03299999999999,40.3,37.7
PERIDOTITE,42.0667,-123.9,40.3,41.5
PERIDOTITE,42.4,-124.03299999999999,38.9,35.6
PERIDOTITE,42.0667,-123.917,42.1,41.9
PERIDOTITE,42.4,-124.03299999999999,42.4,8.51
PERIDOTITE,42.1,-123.917,41.2,43.0
PERIDOTITE,41.875,-105.25,44.2,35.1
PERIDOTITE,41.9157,-105.45,47.3,20.7
PERIDOTITE,41.875,-105.25,43.9,35.6
PERIDOTITE,41.875,-105.25,49.1,24.1
PERIDOTITE,41.943000000000005,-105.39200000000001,50.5,21.0
PERIDOTITE,41.9427,-105.39200000000001,47.4,26.9
PERIDOTITE,41.9425,-105.39200000000001,48.0,26.1
PERIDOTITE,41.875,-105.25,53.2,22.0
PERIDOTITE,41.875,-105.25,46.0,23.0
PERIDOTITE,41.875,-105.25,46.0,19.7
PERIDOTITE,41.875,-105.25,46.8,21.4
PERIDOTITE,41.875,-105.25,42.7,31.9
PERIDOTITE,41.875,-105.25,42.5,33.3
PERIDOTITE,41.875,-105.25,47.9,33.3
PERIDOTITE,41.875,-105.25,47.6,22.7
PERIDOTITE,41.9665,-105.426,52.0,23.5
PERIDOTITE,41.9668,-105.425,46.8,32.5
PERIDOTITE,41.9681,-105.425,41.7,40.8
PERIDOTITE,41.9764,-105.412,49.4,23.5
PERIDOTITE,41.9702,-105.426,48.7,23.9
PERIDOTITE,41.9631,-105.439,37.7,34.3
PERIDOTITE,41.9638,-105.441,43.3,35.0
PERIDOTITE,41.75,-105.375,37.7,32.3
PERIDOTITE,42.0101,-105.262,51.0,26.0
PERIDOTITE,42.0093,-105.26100000000001,49.5,19.2
PERIDOTITE,42.75,-106.333,39.6,35.0
PERIDOTITE,42.75,-106.333,36.0,32.2
DUNITE,65.9167,-152.2,38.4,43.1
DUNITE,65.9667,-151.86700000000002,37.9,45.4
DUNITE,65.9667,-151.85,36.5,43.2
DUNITE,65.9667,-151.85,37.4,43.0
DUNITE,66.4167,-150.667,38.8,46.4
HARZBURGITE,65.8833,-152.38299999999998,42.0,39.4
HARZBURGITE,66.55,-151.583,39.8,38.9
HARZBURGITE,66.55,-151.88299999999998,41.7,39.0
HARZBURGITE,66.0333,-151.667,42.7,40.7
HARZBURGITE,66.0333,-151.667,41.8,39.7
HARZBURGITE,66.0,-151.75,41.7,38.9
HARZBURGITE,66.1,-151.483,41.9,40.3
HARZBURGITE,66.4,-150.6,41.7,40.8
PERIDOTITE,65.9,-152.183,41.0,28.4
DUNITE,64.2,-156.6,37.9,43.9
DUNITE,64.2167,-156.667,37.8,44.1
HARZBURGITE,64.2167,-156.63299999999998,40.7,41.7
HARZBURGITE,64.1833,-156.767,39.7,41.3
HARZBURGITE,64.2,-156.717,41.9,41.0
WEHRLITE,64.2333,-156.583,38.0,38.3
LHERZOLITE,64.3,-156.38299999999998,38.6,34.5
WEHRLITE,64.3333,-156.233,38.2,38.2
DUNITE,63.2167,-156.967,37.5,38.7
HARZBURGITE,63.2167,-156.967,39.6,38.3
HARZBURGITE,63.2167,-156.967,40.9,40.6
WEHRLITE,63.2167,-156.967,39.8,40.8
WEHRLITE,65.6389,-144.036,40.4,29.6
PERIDOTITE,41.875,-105.25,51.1,9.75
PERIDOTITE,42.0358,-105.27,42.3,34.0
PERIDOTITE,42.036,-105.27,43.7,33.6
PERIDOTITE,41.75,-105.375,43.3,30.0
PERIDOTITE,42.1241,-105.361,44.7,26.3
PERIDOTITE,42.1241,-105.359,45.4,27.4
PERIDOTITE,42.1243,-105.35799999999999,45.1,26.0
PERIDOTITE,42.1242,-105.35799999999999,51.2,18.3
PERIDOTITE,42.1402,-105.34299999999999,42.6,32.7
PERIDOTITE,42.14,-105.344,43.5,34.6
PERIDOTITE,42.1406,-105.345,51.7,17.5
PERIDOTITE,42.2316,-105.348,45.6,24.4
PERIDOTITE,42.2304,-105.361,44.4,25.4
PERIDOTITE,42.2324,-105.34899999999999,45.8,22.8
PERIDOTITE,41.9665,-105.426,52.2,22.5
PERIDOTITE,41.9665,-105.426,50.8,23.8
PERIDOTITE,41.9675,-105.42299999999999,51.7,22.3
PERIDOTITE,41.9705,-105.421,43.4,40.3
PERIDOTITE,41.9801,-105.40899999999999,49.5,29.7
PERIDOTITE,26.9419,42.3114,44.0,45.4
PERIDOTITE,26.9339,42.3111,44.4,42.0
PERIDOTITE,26.9339,42.3111,43.3,43.9
PERIDOTITE,26.9339,42.3111,41.1,45.4
PERIDOTITE,26.9339,42.3111,44.3,40.5
PERIDOTITE,26.9339,42.3111,45.6,38.7
PERIDOTITE,26.9339,42.3111,42.8,39.8
PERIDOTITE,27.0572,42.3758,44.0,41.9
PERIDOTITE,27.0572,42.3758,43.9,44.0
PERIDOTITE,27.0572,42.3758,44.6,42.3
PERIDOTITE,27.0908,42.3236,44.8,40.6
PERIDOTITE,27.0056,42.4367,45.7,38.4
PERIDOTITE,27.0003,42.3628,43.7,44.2
PERIDOTITE,27.0014,42.36,42.8,42.5
PERIDOTITE,27.0014,42.36,45.1,40.9
PERIDOTITE,27.0014,42.36,44.7,39.4
PERIDOTITE,27.0014,42.36,44.1,39.0
PERIDOTITE,27.0014,42.36,44.0,41.4
PERIDOTITE,27.0108,42.2661,44.3,39.7
PERIDOTITE,27.0108,42.2661,53.3,30.6
PERIDOTITE,27.0422,42.42,50.5,20.5
PERIDOTITE,27.0556,42.42,42.9,44.5
PERIDOTITE,27.0542,42.4206,43.6,41.1
PERIDOTITE,27.0542,42.4206,43.8,42.5
PERIDOTITE,27.0519,42.4111,44.8,42.9
PERIDOTITE,9.55,138.15,39.0,29.6
PERIDOTITE,62.0833,-148.0,40.9,34.0
PERIDOTITE,62.0833,-148.0,42.3,32.0
WEHRLITE,62.0833,-148.0,46.0,28.4
DUNITE,62.0833,-148.0,40.1,44.0
PERIDOTITE,-31.55,-64.4,38.0,36.5
PERIDOTITE,-31.55,-64.4,40.4,36.4
PERIDOTITE,-31.55,-64.4,42.8,37.9
PERIDOTITE,-31.55,-64.4,16.5,17.5
PERIDOTITE,-31.55,-64.4,34.0,19.3
PERIDOTITE,35.1667,-115.75,43.7,40.6
PERIDOTITE,35.1667,-115.75,45.2,34.1
PERIDOTITE,35.1667,-115.75,44.1,36.2
PERIDOTITE,35.1667,-115.75,41.2,31.3
PERIDOTITE,35.1667,-115.75,42.1,30.6
PERIDOTITE,35.1667,-115.75,44.3,35.3
PERIDOTITE,35.1667,-115.75,43.4,39.0
PERIDOTITE,35.1667,-115.75,44.6,39.3
PERIDOTITE,35.1667,-115.75,44.1,39.0
PERIDOTITE,35.1667,-115.75,44.7,38.0
PERIDOTITE,35.1667,-115.75,45.5,38.3
PERIDOTITE,35.1667,-115.75,44.6,39.3
PERIDOTITE,35.1667,-115.75,44.7,39.4
PERIDOTITE,35.1667,-115.75,44.4,39.5
PERIDOTITE,35.1667,-115.75,45.1,37.3
PERIDOTITE,35.1667,-115.75,44.7,37.4
PERIDOTITE,35.1667,-115.75,44.5,37.5
PERIDOTITE,35.1667,-115.75,44.6,37.2
PERIDOTITE,35.1667,-115.75,44.9,37.3
PERIDOTITE,35.1667,-115.75,43.4,40.5
PERIDOTITE,35.1667,-115.75,44.0,39.8
PERIDOTITE,35.1667,-115.75,45.2,38.1
PERIDOTITE,45.3561,-111.18299999999999,37.5,36.6
PERIDOTITE,36.455,-118.935,44.6,25.0
PERIDOTITE,46.3675,-90.4094,41.9,15.6
DUNITE,44.75,-72.5333,39.1,43.9
DUNITE,52.5,135.0,39.7,47.8
DUNITE,58.5,125.5,39.1,47.9
DUNITE,52.0,136.0,39.3,48.0
WEHRLITE,65.9125,-148.007,43.4,24.8
PERIDOTITE,65.6528,-150.14700000000002,43.6,22.8
DUNITE,68.2586,-161.05,39.1,45.7
WEHRLITE,68.26,-161.05200000000002,48.1,23.8
WEHRLITE,68.2603,-161.053,39.4,38.0
DUNITE,68.2756,-161.06799999999998,25.2,29.3
DUNITE,68.3183,-160.759,33.8,41.6
DUNITE,68.3183,-160.759,32.9,35.8
DUNITE,68.3194,-160.76,31.0,39.8
DUNITE,68.3217,-160.754,31.5,37.1
DUNITE,68.3222,-160.753,36.9,44.7
DUNITE,68.3233,-160.749,37.8,47.1
DUNITE,68.3261,-160.738,34.2,41.9
WEHRLITE,68.3278,-160.724,47.3,17.8
WEHRLITE,68.3039,-161.835,45.3,21.0
WEHRLITE,68.2967,-161.866,43.6,45.5
DUNITE,68.1861,-162.00799999999998,31.8,40.0
WEHRLITE,68.2556,-161.7,41.4,34.1
DUNITE,68.2456,-161.733,35.5,44.0
WEHRLITE,68.2439,-161.743,40.0,33.5
DUNITE,68.2439,-161.743,35.7,43.2
DUNITE,68.2461,-161.752,9.8,19.2
WEHRLITE,68.2483,-161.86700000000002,42.0,34.0
DUNITE,68.2394,-161.863,35.7,42.6
DUNITE,68.2378,-161.864,33.4,38.1
DUNITE,68.2389,-161.881,14.5,24.3
DUNITE,68.2394,-161.886,37.0,47.2
DUNITE,68.2394,-161.886,35.2,42.4
DUNITE,68.2333,-161.901,37.6,45.0
DUNITE,68.2561,-161.912,33.0,38.0
WEHRLITE,68.2589,-161.905,37.0,34.9
DUNITE,68.2639,-161.054,48.8,21.5
DUNITE,68.2639,-161.054,38.1,45.4
DUNITE,68.2639,-161.054,38.1,45.1
DUNITE,68.2639,-161.054,38.3,46.1
DUNITE,68.2639,-161.054,44.7,34.8
DUNITE,68.2667,-161.058,39.5,41.4
DUNITE,68.2667,-161.058,48.1,23.6
DUNITE,68.2667,-161.058,33.8,40.6
HARZBURGITE,60.2772,-161.065,40.0,40.2
HARZBURGITE,68.2772,-161.065,40.5,41.4
WEHRLITE,68.2606,-161.048,46.5,10.2
WEHRLITE,68.2606,-161.048,39.6,45.9
DUNITE,68.2606,-161.048,39.7,45.8
WEHRLITE,68.2606,-161.048,38.5,42.7
WEHRLITE,68.2367,-161.011,39.9,28.8
WEHRLITE,68.2294,-161.004,43.2,25.7
WEHRLITE,68.2283,-161.836,36.2,34.8
WEHRLITE,68.3033,-160.769,42.0,26.5
WEHRLITE,68.3033,-160.769,43.4,9.89
DUNITE,68.3061,-160.767,34.9,40.9
DUNITE,68.3083,-160.767,29.7,35.9
DUNITE,68.3122,-160.766,34.3,40.2
WEHRLITE,68.3233,-160.746,42.8,27.3
DUNITE,68.3233,-160.746,31.9,39.3
WEHRLITE,68.3244,-160.743,39.2,38.9
WEHRLITE,68.3244,-160.743,39.0,41.5
HARZBURGITE,68.3264,-160.762,40.1,37.5
HARZBURGITE,68.3264,-160.762,40.6,38.6
HARZBURGITE,68.3264,-160.762,38.3,37.8
HARZBURGITE,68.3264,-160.762,40.5,39.3
DUNITE,68.2572,-161.705,40.2,40.2
DUNITE,68.2583,-161.70600000000002,36.1,40.4
DUNITE,68.2606,-161.70600000000002,42.6,8.48
DUNITE,68.2617,-161.708,50.2,20.4
DUNITE,68.2628,-161.71,48.1,20.3
DUNITE,68.2628,-161.71,37.8,43.7
DUNITE,68.2667,-161.727,51.1,16.9
DUNITE,68.2683,-161.735,48.0,7.97
DUNITE,68.265,-161.841,33.8,5.97
DUNITE,68.27,-161.83700000000002,48.5,3.38
DUNITE,68.2667,-161.839,40.0,6.66
DUNITE,68.2667,-161.839,5.33,0.73
DUNITE,68.2667,-161.839,51.4,2.36
WEHRLITE,68.3278,-160.733,37.9,37.4
DUNITE,68.3278,-160.733,37.6,41.5
WEHRLITE,68.3278,-160.733,39.0,37.5
WEHRLITE,68.3278,-160.733,43.0,17.6
DUNITE,68.3278,-160.733,35.2,40.7
WEHRLITE,68.3278,-160.733,37.0,24.3
DUNITE,68.1111,-162.10299999999998,35.3,40.6
DUNITE,68.1194,-162.083,35.6,41.9
DUNITE,68.1778,-162.125,37.6,41.5
DUNITE,68.1806,-162.119,35.6,41.4
DUNITE,68.1944,-162.00799999999998,36.3,44.4
DUNITE,68.1889,-162.014,31.9,39.3
DUNITE,68.1806,-162.011,34.1,40.9
WEHRLITE,68.2444,-161.733,37.0,39.8
DUNITE,68.2444,-161.733,35.1,40.6
LHERZOLITE,68.2556,-161.85,39.8,41.0
LHERZOLITE,68.2639,-161.844,39.0,39.1
LHERZOLITE,68.2639,-161.844,39.9,41.5
WEHRLITE,68.3167,-158.41299999999998,47.4,10.0
WEHRLITE,68.3278,-158.4,46.1,27.8
DUNITE,58.8833,-137.7,40.5,44.4
PERIDOTITE,58.9,-137.783,44.2,29.3
DUNITE,58.8833,-137.7,38.8,43.8
PERIDOTITE,44.25,-118.75,35.2,42.3
PERIDOTITE,44.25,-118.75,37.1,45.0
PERIDOTITE,44.25,-118.75,41.5,42.6
PERIDOTITE,44.25,-118.75,41.0,41.8
PERIDOTITE,44.25,-118.75,42.8,42.9
PERIDOTITE,37.4,-121.4,46.5,21.6
PERIDOTITE,58.9253,-161.754,51.4,19.8
DUNITE,58.9519,-161.743,37.1,42.6
DUNITE,58.9497,-161.746,36.6,42.9
DUNITE,58.9497,-161.746,48.9,17.3
DUNITE,58.9481,-161.75,37.4,43.7
DUNITE,58.9472,-161.752,38.1,40.8
DUNITE,58.9461,-161.754,37.1,43.4
DUNITE,58.9461,-161.754,37.8,37.6
DUNITE,58.9439,-161.756,37.8,44.4
DUNITE,58.9414,-161.75799999999998,37.7,42.7
DUNITE,58.9389,-161.759,37.8,43.9
DUNITE,58.9372,-161.764,38.1,44.0
DUNITE,58.9239,-161.784,39.4,34.0
DUNITE,58.9289,-161.784,37.8,42.1
DUNITE,58.9289,-161.784,43.7,9.1
DUNITE,58.9361,-161.783,51.4,20.2
DUNITE,58.7011,-161.851,37.4,36.8
PERIDOTITE,58.7167,-161.84799999999998,42.6,27.6
DUNITE,58.9728,-161.734,35.1,39.6
PERIDOTITE,58.9642,-161.63299999999998,39.4,43.5
PERIDOTITE,58.9625,-161.641,38.7,41.7
PERIDOTITE,58.9367,-161.765,37.9,42.7
PERIDOTITE,58.9361,-161.768,37.1,40.8
PERIDOTITE,58.7061,-161.83700000000002,38.6,31.2
PERIDOTITE,58.9342,-161.769,35.2,42.0
PERIDOTITE,58.9319,-161.77200000000002,37.1,43.8
PERIDOTITE,58.9292,-161.773,37.1,41.2
PERIDOTITE,58.9264,-161.774,37.4,44.1
PERIDOTITE,58.9236,-161.775,36.3,42.1
PERIDOTITE,58.9206,-161.776,36.6,43.2
PERIDOTITE,58.9533,-161.741,37.1,44.5
PERIDOTITE,58.9556,-161.74,36.6,42.2
PERIDOTITE,58.9564,-161.739,38.4,39.7
PERIDOTITE,58.9572,-161.738,37.1,40.7
PERIDOTITE,58.9597,-161.737,37.4,41.2
PERIDOTITE,58.9619,-161.738,36.6,41.8
PERIDOTITE,58.9639,-161.739,37.4,43.3
PERIDOTITE,58.9658,-161.74,36.6,42.0
DUNITE,58.9522,-161.72799999999998,37.1,42.9
DUNITE,58.9519,-161.72299999999998,37.7,43.0
DUNITE,58.9392,-161.753,37.1,42.8
DUNITE,58.9378,-161.749,36.6,43.4
DUNITE,58.9364,-161.744,37.1,42.9
DUNITE,58.935,-161.74,36.6,42.4
PERIDOTITE,58.9164,-161.774,50.4,18.0
PERIDOTITE,58.9683,-161.74,36.6,41.9
PERIDOTITE,58.9706,-161.738,39.0,41.6
PERIDOTITE,58.9725,-161.735,36.1,39.6
DUNITE,58.9161,-161.774,39.0,36.8
DUNITE,58.9522,-161.738,37.7,41.6
DUNITE,58.9522,-161.733,37.7,41.2
DUNITE,59.0,-161.625,36.1,40.5
DUNITE,58.9744,-161.72799999999998,37.4,42.8
DUNITE,58.9742,-161.72299999999998,36.6,42.3
DUNITE,58.6386,-162.08,37.7,34.8
DUNITE,58.9739,-161.731,36.7,43.2
DUNITE,58.9364,-161.731,35.9,38.3
DUNITE,58.9567,-161.716,38.1,43.1
DUNITE,58.9558,-161.713,37.0,41.3
DUNITE,58.9519,-161.705,37.4,43.5
DUNITE,58.6636,-162.019,40.0,32.5
HARZBURGITE,42.2194,-123.971,43.4,45.3
DUNITE,42.2194,-123.971,39.9,47.3
DUNITE,42.2194,-123.971,39.8,49.1
DUNITE,42.2194,-123.971,39.9,48.5
HARZBURGITE,42.2194,-123.971,43.6,44.0
HARZBURGITE,42.2194,-123.971,43.4,42.8
HARZBURGITE,42.2194,-123.971,41.6,44.9
DUNITE,42.2194,-123.971,38.7,46.3
HARZBURGITE,42.2194,-123.971,41.7,45.4
DUNITE,42.2194,-123.971,39.3,44.8
DUNITE,42.2194,-123.971,36.7,47.3
DUNITE,42.2194,-123.971,39.6,47.4
DUNITE,61.75,-145.75,37.9,44.4
DUNITE,61.75,-145.75,39.3,45.1
DUNITE,61.75,-145.75,39.4,44.7
DUNITE,61.75,-145.75,41.4,43.5
DUNITE,61.75,-145.75,32.2,40.1
DUNITE,61.75,-145.75,33.1,41.4
DUNITE,61.75,-145.75,38.6,45.1
DUNITE,61.75,-145.75,43.4,43.4
DUNITE,61.75,-145.75,52.3,20.9
PERIDOTITE,32.0,-107.0,45.0,40.0
PERIDOTITE,32.0,-107.0,45.1,36.8
PERIDOTITE,32.0,-107.0,46.0,37.7
PERIDOTITE,32.0,-107.0,45.1,40.0
DUNITE,33.25,-110.5,40.1,43.2
DUNITE,31.75,-107.0,44.1,46.4
DUNITE,57.8833,-153.7,34.1,38.4
DUNITE,57.3333,-154.75,41.6,34.8
PERIDOTITE,64.5,-145.0,38.8,40.2
PERIDOTITE,64.5,-145.0,41.1,42.2
PERIDOTITE,64.5,-145.0,40.2,39.6
PERIDOTITE,64.5,-145.0,40.0,39.0
PERIDOTITE,64.5,-145.0,40.4,39.2
PERIDOTITE,64.5,-145.0,39.8,41.4
PERIDOTITE,64.5,-145.0,18.5,32.6
DUNITE,64.5,-145.0,43.1,42.9
PERIDOTITE,64.5,-145.0,36.9,43.9
PERIDOTITE,64.5,-145.0,41.1,40.0
PERIDOTITE,64.5,-145.0,42.1,42.1
PERIDOTITE,64.5,-145.0,42.8,40.0
PERIDOTITE,64.5,-145.0,41.9,42.6
PERIDOTITE,64.5,-145.0,34.2,41.1
PERIDOTITE,64.5,-145.0,42.0,42.5
PERIDOTITE,64.5,-145.0,40.5,36.3
PERIDOTITE,64.5,-145.0,40.5,40.7
DUNITE,64.5,-145.0,39.2,41.1
PERIDOTITE,64.5,-145.0,39.1,39.5
PERIDOTITE,42.2194,-123.971,47.2,16.8
PERIDOTITE,42.2194,-123.971,47.5,11.0
PERIDOTITE,56.0833,-132.833,37.9,38.7
DUNITE,56.0833,-132.833,39.6,41.9
DUNITE,56.0833,-132.833,35.2,40.8
DUNITE,56.0833,-132.833,35.7,42.5
PERIDOTITE,56.0833,-132.833,38.6,37.8
DUNITE,56.0833,-132.833,36.1,42.6
DUNITE,56.0833,-132.833,35.8,43.3
DUNITE,56.0833,-132.833,35.0,41.7
DUNITE,56.0833,-132.833,35.1,41.5
DUNITE,56.0833,-132.833,37.7,43.5
DUNITE,56.0833,-132.833,37.6,46.2
DUNITE,56.0833,-132.833,35.8,42.6
DUNITE,56.0833,-132.833,35.7,42.7
DUNITE,56.0833,-132.833,35.2,42.7
DUNITE,56.0833,-132.833,37.4,45.5
DUNITE,56.0833,-132.833,35.2,42.4
PERIDOTITE,56.0833,-132.833,36.4,40.4
DUNITE,58.9372,-161.768,37.1,45.0
DUNITE,58.9389,-161.77100000000002,36.6,43.5
DUNITE,58.9422,-161.773,36.6,44.8
DUNITE,58.9522,-161.744,36.7,43.5
DUNITE,58.9533,-161.76,35.9,43.5
DUNITE,58.9533,-161.76,37.3,43.9
DUNITE,58.9533,-161.76,36.2,45.6
DUNITE,58.95,-161.75,39.0,42.0
DUNITE,58.9255,-161.773,36.9,45.6
DUNITE,58.9255,-161.773,36.6,45.6
DUNITE,58.9255,-161.773,37.5,42.9
DUNITE,58.9267,-161.764,35.5,40.8
DUNITE,58.9244,-161.753,36.3,40.8
DUNITE,58.95,-161.75,36.6,43.2
PERIDOTITE,58.9244,-161.753,36.8,41.8
DUNITE,58.9244,-161.753,37.8,38.4
PERIDOTITE,58.95,-161.75,36.5,45.0
PERIDOTITE,58.95,-161.75,35.5,43.5
DUNITE,58.95,-161.75,36.7,43.5
PERIDOTITE,58.95,-161.75,36.8,45.0
DUNITE,58.95,-161.75,38.0,41.7
DUNITE,58.95,-161.75,36.7,44.1
PERIDOTITE,58.95,-161.75,40.9,35.4
PERIDOTITE,58.95,-161.75,38.4,41.1
DUNITE,58.95,-161.75,36.4,45.6
DUNITE,58.95,-161.75,36.7,44.4
DUNITE,58.95,-161.75,35.2,43.5
DUNITE,58.95,-161.75,36.4,43.5
DUNITE,58.95,-161.75,35.3,42.6
PERIDOTITE,34.8833,-120.633,39.9,34.6
PERIDOTITE,34.8833,-120.633,44.6,27.5
PERIDOTITE,34.8667,-120.617,40.5,32.4
DUNITE,34.8667,-120.617,33.1,38.2
PERIDOTITE,41.85,-123.617,40.0,38.7
PERIDOTITE,41.8167,-123.65,40.5,38.8
PERIDOTITE,41.8167,-123.65799999999999,41.0,38.8
PERIDOTITE,41.8167,-123.64200000000001,42.6,36.0
PERIDOTITE,41.8333,-123.65,38.5,38.8
PERIDOTITE,41.85,-123.64200000000001,40.0,38.8
HARZBURGITE,37.2083,-119.265,45.2,41.5
HARZBURGITE,37.2083,-119.265,46.1,39.2
DUNITE,38.5,-116.0,39.9,44.2
DUNITE,38.5,-116.0,43.2,46.4
DUNITE,38.5,-116.0,40.8,46.9
DUNITE,38.5,-116.0,40.3,46.0
DUNITE,-5.0,35.0,39.5,40.1
HARZBURGITE,60.25,-166.05,41.4,37.2
LHERZOLITE,60.25,-166.05,38.5,47.0
LHERZOLITE,60.25,-166.05,44.2,40.7
PERIDOTITE,21.3333,-157.75,45.0,40.4
DUNITE,35.5,-111.5,40.2,46.0
PERIDOTITE,35.5,-111.5,45.4,25.9
PERIDOTITE,35.5,-111.5,48.6,21.8
PERIDOTITE,35.5,-111.5,47.2,23.0
PERIDOTITE,35.5,-111.5,44.5,21.0
PERIDOTITE,35.5,-111.5,46.7,19.1
PERIDOTITE,19.75,-155.86700000000002,42.6,36.4
DUNITE,62.7833,-151.517,48.5,4.7
DUNITE,62.7833,-151.517,76.6,0.14
DUNITE,62.7833,-151.517,40.6,49.2
DUNITE,62.7167,-151.767,41.6,42.2
PERIDOTITE,35.5,-112.25,41.8,30.5
HARZBURGITE,35.9708,-82.2917,43.8,45.1
HARZBURGITE,35.9708,-82.2917,43.9,45.9
DUNITE,35.2,-112.21700000000001,39.2,45.1
PERIDOTITE,35.2,-112.21700000000001,45.8,20.2
PERIDOTITE,35.2,-112.21700000000001,49.0,17.7
PERIDOTITE,35.2,-112.18299999999999,41.2,28.8
PERIDOTITE,35.3667,-112.71700000000001,43.5,23.1
PERIDOTITE,35.3667,-112.71700000000001,41.9,29.0
PERIDOTITE,58.55,-136.917,36.7,22.4
PERIDOTITE,58.55,-136.917,35.6,10.7
PERIDOTITE,36.8333,-118.26700000000001,40.9,36.8
PERIDOTITE,36.8333,-118.26700000000001,43.8,35.4
PERIDOTITE,37.2117,-119.262,44.2,38.8
PERIDOTITE,37.2117,-119.262,45.3,39.4
DUNITE,37.2117,-119.262,41.1,49.1
PERIDOTITE,37.2117,-119.262,44.2,36.1
DUNITE,68.35,-158.45,35.2,44.2
DUNITE,68.2667,-161.167,43.1,45.4
PERIDOTITE,37.0,-118.167,50.9,29.1
PERIDOTITE,37.4333,-121.51700000000001,43.9,30.6
DUNITE,37.4167,-121.417,35.2,41.7
DUNITE,37.4167,-121.43299999999999,37.4,40.1
PERIDOTITE,37.4,-121.43299999999999,42.2,36.2
DUNITE,37.4167,-121.46700000000001,38.5,43.4
DUNITE,68.3333,-158.35,38.11,45.02
PERIDOTITE,40.5,-121.125,53.42,5.22
PERIDOTITE,40.5,-121.125,53.82,5.38
PERIDOTITE,42.0,-123.625,39.99,38.7
PERIDOTITE,37.22,-119.15799999999999,45.2,29.3
PERIDOTITE,37.22,-119.15799999999999,41.3,31.4
PERIDOTITE,42.3,-123.883,40.5,28.3
PERIDOTITE,42.3,-123.883,45.8,22.3
PERIDOTITE,42.3,-123.883,38.6,30.8
DUNITE,42.3,-123.883,40.4,33.2
PERIDOTITE,42.3,-123.883,38.3,28.7
PERIDOTITE,42.3,-123.883,45.7,19.8
DUNITE,42.3,-123.883,42.7,29.0
PERIDOTITE,42.3,-123.883,37.7,28.5
DUNITE,42.3,-123.883,42.5,36.0
PERIDOTITE,42.3,-123.883,45.5,22.8
PERIDOTITE,34.125,-109.5,45.1,14.6
PERIDOTITE,41.7667,-123.95,46.2,24.1
DUNITE,41.7667,-123.95,35.6,28.1
DUNITE,41.7667,-123.95,36.3,34.7
PERIDOTITE,38.25,-117.25,64.4,1.2
PERIDOTITE,60.2667,-147.667,50.0,8.28
PERIDOTITE,60.2667,-147.667,40.1,30.4
PERIDOTITE,37.4167,-121.46700000000001,44.5,42.1
PERIDOTITE,37.4167,-121.383,42.5,44.6
PERIDOTITE,35.1667,-115.75,45.2,38.3
PERIDOTITE,35.1667,-115.75,44.6,42.3
PERIDOTITE,35.1667,-115.75,44.6,42.4
PERIDOTITE,34.6167,-115.917,43.0,39.4
PERIDOTITE,34.6167,-115.917,43.9,40.2
PERIDOTITE,34.6167,-115.917,44.6,40.8
PERIDOTITE,34.6167,-115.917,44.5,39.9
PERIDOTITE,34.6167,-115.917,44.8,40.7
PERIDOTITE,35.1667,-115.75,44.7,38.7
PERIDOTITE,35.1667,-115.75,41.8,31.9
PERIDOTITE,35.1667,-115.75,44.5,38.4
PERIDOTITE,34.6583,-113.6,39.0,37.4
PERIDOTITE,58.2636,-134.364,35.8,10.9
HARZBURGITE,61.5667,-145.15,42.7,43.2
WEHRLITE,61.5833,-145.0,40.8,36.6
DUNITE,61.5833,-144.983,41.7,33.1
DUNITE,61.5833,-145.11700000000002,38.2,46.1
DUNITE,61.5833,-145.11700000000002,45.7,9.9
DUNITE,61.5667,-145.15,40.4,43.6
DUNITE,61.5833,-145.15,38.4,46.8
DUNITE,61.5833,-144.983,37.6,41.8
WEHRLITE,61.5833,-144.983,43.0,33.6
WEHRLITE,61.5833,-145.0,40.5,39.0
DUNITE,61.5725,-145.123,37.7,45.6
DUNITE,61.5806,-145.156,38.9,46.9
PERIDOTITE,56.9833,-133.11700000000002,40.7,37.3
PERIDOTITE,56.9833,-133.11700000000002,38.5,42.2
DUNITE,56.9833,-133.11700000000002,40.1,45.7
WEHRLITE,56.9833,-133.11700000000002,42.7,36.3
WEHRLITE,56.9833,-133.11700000000002,51.7,21.5
DUNITE,56.9833,-133.11700000000002,39.6,44.3
WEHRLITE,56.9833,-133.11700000000002,42.1,39.8
DUNITE,56.9833,-133.11700000000002,40.1,46.8
WEHRLITE,66.05,-151.6,40.8,27.9
LHERZOLITE,66.2167,-151.317,43.5,25.7
WEHRLITE,66.2,-151.15,41.6,28.2
WEHRLITE,66.2167,-151.15,44.4,27.6
PERIDOTITE,19.5833,-155.467,40.7,39.3
PERIDOTITE,19.5833,-155.467,41.2,36.3
PERIDOTITE,19.5833,-155.467,38.2,32.4
PERIDOTITE,19.5833,-155.467,45.6,29.0
PERIDOTITE,19.5833,-155.467,42.4,31.4
PERIDOTITE,19.5833,-155.467,39.5,44.2
PERIDOTITE,19.5833,-155.467,41.7,35.0
PERIDOTITE,19.5833,-155.467,42.8,34.3
PERIDOTITE,19.5833,-155.467,45.7,27.7
PERIDOTITE,19.5833,-155.467,39.4,44.7
PERIDOTITE,19.5833,-155.467,40.5,35.9
PERIDOTITE,19.5833,-155.467,44.1,29.2
DUNITE,56.1167,-132.88299999999998,35.6,43.2
DUNITE,56.1167,-132.88299999999998,38.5,43.2
WEHRLITE,56.1167,-132.88299999999998,37.3,38.5
DUNITE,55.0881,-131.562,35.9,44.3
DUNITE,55.1056,-131.569,36.4,41.5
DUNITE,55.7667,-132.083,38.3,44.6
DUNITE,55.7667,-132.083,38.2,45.8
WEHRLITE,55.7667,-132.083,39.0,41.7
PERIDOTITE,35.1667,-115.75,46.5,35.7
DUNITE,59.1008,-134.805,43.6,44.6
PERIDOTITE,35.1667,-115.75,44.2,39.1
PERIDOTITE,35.1667,-115.75,41.3,37.0
DUNITE,55.0911,-131.57399999999998,37.7,44.0
PERIDOTITE,34.6,-115.95,45.1,38.9
DUNITE,19.8,-155.833,40.1,43.3
PERIDOTITE,19.8,-155.833,43.8,30.2
PERIDOTITE,19.8,-155.833,48.6,29.2
DUNITE,19.8,-155.833,40.3,46.9
DUNITE,19.8,-155.833,40.0,47.1
DUNITE,19.8,-155.833,39.8,44.2
PERIDOTITE,19.8,-155.833,45.1,29.5
PERIDOTITE,19.8,-155.833,44.1,31.6
PERIDOTITE,35.1667,-115.75,43.5,36.6
PERIDOTITE,35.1667,-115.75,37.9,25.4
PERIDOTITE,35.1667,-115.75,35.8,18.0
PERIDOTITE,35.1667,-115.75,43.8,38.3
PERIDOTITE,35.1667,-115.75,45.1,17.0
DUNITE,69.0,89.0,37.9,46.1
DUNITE,69.0,89.0,38.0,46.4
DUNITE,69.0,89.0,39.2,47.4
PERIDOTITE,-28.5333,24.5,43.7,43.3
PERIDOTITE,-28.5333,24.5,42.9,42.0
PERIDOTITE,-28.5333,24.5,44.0,43.3
PERIDOTITE,-28.5333,24.5,42.6,47.4
PERIDOTITE,-28.5333,24.5,43.9,43.2
PERIDOTITE,-28.5333,24.5,44.1,42.9
PERIDOTITE,-28.5333,24.5,46.1,41.0
PERIDOTITE,-28.5333,24.5,44.8,45.5
PERIDOTITE,-28.5333,24.5,43.5,40.4
PERIDOTITE,-28.5333,24.5,44.0,37.7
PERIDOTITE,-28.5333,24.5,46.3,19.2
PERIDOTITE,-28.5333,24.5,40.5,37.5
PERIDOTITE,-28.5333,24.5,51.5,26.7
PERIDOTITE,-28.5333,24.5,42.7,38.7
PERIDOTITE,-28.5333,24.5,42.7,45.5
PERIDOTITE,-29.0,27.5,46.6,18.0
DUNITE,66.0,-148.0,39.2,35.6
DUNITE,66.0,-148.0,39.3,46.7
DUNITE,65.5,-148.0,38.5,46.7
DUNITE,65.5,-148.0,37.2,42.1
DUNITE,65.5,-148.0,36.4,40.3
PERIDOTITE,47.7833,-109.96700000000001,47.0,17.4
PERIDOTITE,47.5153,-123.35600000000001,40.0,27.8
PERIDOTITE,47.5144,-123.369,39.8,29.4
PERIDOTITE,47.6333,-110.21700000000001,35.4,23.0
PERIDOTITE,46.8667,-111.867,47.7,39.2
PERIDOTITE,46.8667,-111.867,42.8,19.1
PERIDOTITE,46.8667,-111.867,43.1,23.5
DUNITE,61.4833,-149.15,38.1,34.4
DUNITE,61.4583,-149.25,35.7,41.3
DUNITE,61.4833,-149.2,39.1,43.2
DUNITE,61.4833,-149.2,37.2,45.0
DUNITE,61.4,-149.35,35.0,39.4
PERIDOTITE,54.9167,-131.4,43.7,30.0
DUNITE,54.9,-131.3,35.0,37.6
DUNITE,54.9,-131.3,37.2,40.5
DUNITE,54.9,-131.3,26.6,32.4
PERIDOTITE,56.1333,-132.983,50.1,19.4
DUNITE,56.1333,-132.983,38.0,39.1
DUNITE,56.1167,-132.9,37.4,41.7
PERIDOTITE,56.1167,-132.9,51.4,19.8
DUNITE,56.1167,-132.88299999999998,36.3,42.6
DUNITE,56.1167,-132.9,36.7,42.5
PERIDOTITE,35.7167,-79.9167,42.8,18.6
PERIDOTITE,42.125,-72.375,49.0,22.4
PERIDOTITE,46.75,-111.75,45.5,13.3
DUNITE,37.75,-120.375,36.3,43.6
DUNITE,37.75,-120.375,36.3,43.8
DUNITE,37.75,-120.375,39.2,45.6
PERIDOTITE,38.7667,-122.833,42.3,38.2
PERIDOTITE,37.4,-121.383,40.5,29.4
PERIDOTITE,37.4,-121.383,40.0,29.4
DUNITE,58.2617,-133.585,41.3,43.4
PERIDOTITE,57.9167,-133.391,44.5,44.5
PERIDOTITE,57.9025,-133.352,43.3,44.8
PERIDOTITE,57.8861,-133.352,42.2,41.0
DUNITE,57.8861,-133.352,45.7,43.0
PERIDOTITE,57.9806,-133.128,48.2,38.5
PERIDOTITE,57.9961,-133.365,46.5,35.5
PERIDOTITE,58.2194,-133.564,40.4,48.6
PERIDOTITE,68.2383,-161.15,51.8,21.6
DUNITE,68.2383,-161.15,38.7,45.0
PERIDOTITE,62.4961,-152.472,42.2,40.1
PERIDOTITE,37.75,-90.25,20.4,6.4
DUNITE,38.75,-77.375,37.3,34.4
PERIDOTITE,38.75,-77.375,41.7,28.8
DUNITE,48.5333,-122.71700000000001,42.6,45.3
PERIDOTITE,42.2492,-123.655,42.4,42.8
PERIDOTITE,42.1375,-123.699,40.9,40.2
PERIDOTITE,42.1436,-123.7,38.9,39.4
PERIDOTITE,42.1536,-123.70299999999999,37.1,41.9
PERIDOTITE,46.5128,-88.0208,54.6,3.0
DUNITE,34.9464,-83.175,42.0,43.1
DUNITE,34.9467,-83.175,42.7,43.4
DUNITE,35.0853,-83.1175,40.3,46.0
PERIDOTITE,47.9333,-91.9167,37.9,35.0
DUNITE,34.8739,-83.5756,37.9,39.5
DUNITE,34.8739,-83.5756,40.2,45.8
DUNITE,68.2586,-161.05,37.9,46.31
DUNITE,68.2756,-161.06799999999998,25.5,28.84
DUNITE,68.3183,-160.759,34.24,41.85
DUNITE,68.3183,-160.759,32.4,35.39
DUNITE,68.3194,-160.76,30.36,38.08
DUNITE,68.3217,-160.754,34.67,36.74
DUNITE,68.3222,-160.753,37.52,45.64
DUNITE,68.3233,-160.749,37.16,47.4
DUNITE,68.3261,-160.738,33.42,41.72
DUNITE,68.1861,-162.00799999999998,30.9,38.23
DUNITE,68.2456,-161.733,35.84,44.18
DUNITE,68.2439,-161.743,36.62,42.76
DUNITE,68.2461,-161.752,8.16,18.04
WEHRLITE,68.2483,-161.86700000000002,41.82,33.48
DUNITE,68.2378,-161.864,32.98,36.94
DUNITE,68.2389,-161.881,8.74,21.62
DUNITE,68.2394,-161.886,37.62,46.56
DUNITE,68.2394,-161.886,34.92,41.38
DUNITE,68.2333,-161.901,37.54,45.37
DUNITE,68.2561,-161.912,33.55,38.57
PERIDOTITE,47.6825,-108.97399999999999,33.6,22.5
PERIDOTITE,47.8628,-108.9,38.1,33.7
PERIDOTITE,-54.071999999999996,6.398,46.22,40.25
PERIDOTITE,-47.7,32.147,47.42,37.73
PERIDOTITE,-39.788000000000004,45.988,45.04,43.03
PERIDOTITE,-39.85,46.288000000000004,45.88,44.56
PERIDOTITE,-31.916999999999998,57.18,45.39,39.8
PERIDOTITE,-31.916999999999998,57.18,45.11,41.16
PERIDOTITE,-58.43,-15.662,46.12,41.63
PERIDOTITE,-32.118,57.1,46.59,39.48
PERIDOTITE,-32.542,57.05,46.64,37.83
PERIDOTITE,-33.009,56.961000000000006,46.62,42.93
PERIDOTITE,-33.009,56.961000000000006,47.22,42.09
PERIDOTITE,-33.628,56.931000000000004,47.18,41.45
LHERZOLITE,-13.65,66.1,45.91,45.27
PERIDOTITE,-12.42,65.93,38.29,35.32
BASALT,-12.42,65.93,52.26,7.57
LHERZOLITE,-17.05,66.867,44.4,45.07
LHERZOLITE,-17.05,66.867,44.15,34.84
LHERZOLITE,-17.05,66.867,44.15,34.84
LHERZOLITE,-17.05,66.867,46.06,40.38
LHERZOLITE,10.7,-41.63,38.73,35.87
LHERZOLITE,10.937000000000001,-43.6,41.69,35.19
LHERZOLITE,-0.308,-18.433,42.14,32.15
PERIDOTITE,-13.45,-111.52,39.76,39.27
PERIDOTITE,-13.467,-111.507,39.54,36.91
PERIDOTITE,-13.467,-111.507,43.85,35.37
HARZBURGITE,-13.48,-111.53,40.1,36.3
HARZBURGITE,-13.47,-111.5,41.41,39.09
PERIDOTITE,-13.472999999999999,-111.51299999999999,40.64,38.21
PERIDOTITE,-13.478,-111.51799999999999,39.9,37.25
PERIDOTITE,-13.463,-111.54700000000001,38.48,38.05
PERIDOTITE,-13.463,-111.54700000000001,36.47,38.11
HARZBURGITE,-13.45,-111.55,42.43,37.88
PERIDOTITE,37.0355,-34.4145,40.99,34.58
PERIDOTITE,37.0355,-34.4145,39.38,32.52
PERIDOTITE,37.0355,-34.4145,39.96,33.62
PERIDOTITE,37.0355,-34.4145,39.7,34.45
PERIDOTITE,37.0355,-34.4145,44.85,36.53
PERIDOTITE,-54.128,6.35,46.67,40.76
LHERZOLITE,-57.95,-7.812,45.13,42.32
PERIDOTITE,-57.95,-7.812,47.03,38.37
LHERZOLITE,-57.95,-7.812,44.46,41.63
PERIDOTITE,-57.95,-7.812,46.53,40.79
PERIDOTITE,-57.95,-7.812,47.46,40.14
PERIDOTITE,-57.95,-7.812,47.43,39.03
PERIDOTITE,-59.086999999999996,-16.808,46.33,39.4
PERIDOTITE,-59.086999999999996,-16.808,47.09,40.8
PERIDOTITE,-59.086999999999996,-16.808,46.79,39.02
PERIDOTITE,-59.086999999999996,-16.808,45.55,41.61
PERIDOTITE,-59.086999999999996,-16.808,45.36,40.84
PERIDOTITE,-59.086999999999996,-16.808,44.99,39.21
PERIDOTITE,-59.086999999999996,-16.808,45.43,41.0
PERIDOTITE,-59.086999999999996,-16.808,45.84,41.46
PERIDOTITE,43.21,-28.933000000000003,45.1043,44.6239
PERIDOTITE,43.21,-28.933000000000003,43.04,39.8
PERIDOTITE,43.21,-28.933000000000003,42.45,45.7
PERIDOTITE,43.21,-28.933000000000003,46.66,43.16
PERIDOTITE,43.21,-28.933000000000003,45.8,45.17
PERIDOTITE,43.21,-28.933000000000003,45.92,45.41
PERIDOTITE,43.21,-28.933000000000003,39.99,40.91
PERIDOTITE,43.225,-29.16,42.79,41.88
PERIDOTITE,52.78,-33.82,29.03,25.09
PERIDOTITE,52.78,-33.82,55.66,24.24
PERIDOTITE,52.78,-33.82,52.64,32.25
PERIDOTITE,52.78,-33.82,50.04,29.11
PERIDOTITE,52.696999999999996,-41.413000000000004,37.8,32.29
PERIDOTITE,52.696999999999996,-41.413000000000004,38.6,31.7
PERIDOTITE,52.696999999999996,-41.413000000000004,36.2,24.05
HARZBURGITE,-13.482999999999999,-111.493,39.91,37.2
HARZBURGITE,-13.482999999999999,-111.493,39.91,37.2
HARZBURGITE,-13.482999999999999,-111.493,39.91,37.2
DUNITE,-13.482999999999999,-111.493,38.01,37.96
DUNITE,-13.482999999999999,-111.493,38.01,37.96
DUNITE,-13.482999999999999,-111.493,38.01,37.96
HARZBURGITE,2.33,-101.44,39.63,38.07
DUNITE,2.26,-101.55,36.92,34.25
PERIDOTITE,22.7558,-46.0817,41.54,40.1
PERIDOTITE,22.7558,-46.0817,40.79,38.04
PERIDOTITE,22.7558,-46.0817,38.09,38.54
PERIDOTITE,22.7558,-46.0817,44.77,35.31
PERIDOTITE,22.7558,-46.0817,43.15,44.35
PERIDOTITE,22.7558,-46.0817,43.36,42.02
PERIDOTITE,23.3385,-45.0173,46.69,40.88
PERIDOTITE,23.3385,-45.0173,47.05,42.81
PERIDOTITE,23.3387,-45.0174,46.91,42.73
PERIDOTITE,23.3387,-45.0174,44.42,44.76
PERIDOTITE,23.3387,-45.0174,46.32,43.2
PERIDOTITE,23.3387,-45.0174,47.14,42.5
PERIDOTITE,38.9397,-34.6853,39.89,37.34
PERIDOTITE,38.9397,-34.6853,37.1,34.37
PERIDOTITE,38.9397,-34.6853,40.56,35.56
PERIDOTITE,37.77,-37.3435,37.72,37.39
PERIDOTITE,37.77,-37.3435,38.12,39.53
PERIDOTITE,34.7222,-38.8427,39.21,39.06
PERIDOTITE,34.7222,-38.8427,39.58,39.73
PERIDOTITE,-54.092,6.285,46.59,37.06
PERIDOTITE,0.92,-29.33,42.22,34.16
PERIDOTITE,0.92,-29.33,42.22,34.61
PERIDOTITE,0.92,-29.38,44.35,38.88
PERIDOTITE,0.92,-29.38,44.35,38.88
PERIDOTITE,0.92,-29.38,43.8,42.13
PERIDOTITE,0.92,-29.38,43.8,42.13
PERIDOTITE,0.93,-29.37,44.38,41.66
PERIDOTITE,0.93,-29.37,43.81,39.25
LHERZOLITE,23.62,36.2,42.66,40.32
PERIDOTITE,23.62,36.2,46.93,35.44
PERIDOTITE,23.62,36.2,46.84,34.44
PERIDOTITE,23.62,36.2,45.9,36.01
PERIDOTITE,23.62,36.2,45.61,36.45
LHERZOLITE,23.62,36.2,45.07,36.84
PERIDOTITE,23.62,36.2,52.33,20.44
LHERZOLITE,23.62,36.2,45.62,36.69
PERIDOTITE,23.62,36.2,45.44,35.64
PERIDOTITE,23.62,36.2,45.64,38.47
PERIDOTITE,23.62,36.2,43.36,41.85
PERIDOTITE,23.62,36.2,43.52,41.71
PERIDOTITE,23.62,36.2,43.61,40.31
PERIDOTITE,23.62,36.2,40.37,23.5
PERIDOTITE,23.62,36.2,43.28,41.21
PERIDOTITE,23.62,36.2,43.92,40.3
PERIDOTITE,23.62,36.2,42.11,40.99
LHERZOLITE,23.62,36.2,44.02,39.19
PERIDOTITE,23.62,36.2,43.36,39.13
PERIDOTITE,23.62,36.2,44.21,37.68
LHERZOLITE,23.62,36.2,44.4,38.19
LHERZOLITE,23.62,36.2,48.09,25.49
PERIDOTITE,23.62,36.2,46.25,32.63
PERIDOTITE,23.62,36.2,45.91,19.15
PERIDOTITE,23.62,36.2,44.42,41.1
LHERZOLITE,23.62,36.2,44.16,39.1
PERIDOTITE,23.62,36.2,46.79,28.82
PERIDOTITE,23.62,36.2,43.24,39.43
PERIDOTITE,23.62,36.2,43.61,40.7
PERIDOTITE,23.62,36.2,45.32,38.51
PERIDOTITE,23.62,36.2,43.89,39.87
PERIDOTITE,-54.056999999999995,6.5,46.39,41.51
PERIDOTITE,10.73,-43.17,39.71,33.15
DUNITE,-5.0,68.0,37.0,39.42
DUNITE,-5.0,68.0,38.2,38.0
DUNITE,-5.0,68.0,38.26,38.64
DUNITE,-5.0,68.0,38.04,38.07
HARZBURGITE,-5.0,68.0,38.47,38.43
HARZBURGITE,-28.37,62.58,38.21,38.11
HARZBURGITE,-5.0,68.0,39.86,38.13
HARZBURGITE,-5.0,68.0,39.22,37.88
HARZBURGITE,-28.37,62.58,39.2,37.81
HARZBURGITE,-5.0,68.0,39.1,37.15
HARZBURGITE,-5.0,68.0,37.84,36.96
HARZBURGITE,-5.0,68.0,39.26,37.4
HARZBURGITE,-5.0,68.0,39.74,37.35
HARZBURGITE,-5.0,68.0,38.52,36.7
HARZBURGITE,-5.0,68.0,41.9,37.85
HARZBURGITE,-5.0,68.0,41.7,38.12
HARZBURGITE,-28.37,62.58,39.82,36.1
HARZBURGITE,-28.37,62.58,39.94,36.38
HARZBURGITE,-5.0,68.0,39.77,35.54
LHERZOLITE,-28.37,62.58,39.65,35.08
LHERZOLITE,-28.37,62.58,40.42,35.36
LHERZOLITE,-28.37,62.58,40.34,35.19
LHERZOLITE,-28.37,62.58,39.62,35.06
LHERZOLITE,-28.37,62.58,39.6,35.19
LHERZOLITE,-5.0,68.0,40.1,35.61
LHERZOLITE,-28.37,62.58,40.9,36.34
LHERZOLITE,-5.0,68.0,40.0,34.0
LHERZOLITE,-5.0,68.0,40.22,33.75
LHERZOLITE,-28.37,62.58,41.75,35.22
LHERZOLITE,-5.0,68.0,40.0,32.95
LHERZOLITE,-9.0,68.0,41.6,33.3
LHERZOLITE,23.62,36.2,43.77,40.61
LHERZOLITE,23.62,36.2,44.05,38.3
LHERZOLITE,23.62,36.2,45.09,37.97
LHERZOLITE,23.62,36.2,44.87,37.63
LHERZOLITE,23.62,36.2,44.82,36.3
LHERZOLITE,23.62,36.2,44.89,37.3
LHERZOLITE,23.62,36.2,45.01,37.3
LHERZOLITE,23.62,36.2,44.73,36.63
LHERZOLITE,23.62,36.2,46.2,35.8
LHERZOLITE,23.62,36.2,50.87,28.19
LHERZOLITE,23.62,36.2,44.78,36.97
LHERZOLITE,23.62,36.2,44.43,37.13
LHERZOLITE,23.62,36.2,45.1,37.3
LHERZOLITE,23.62,36.2,44.92,36.47
LHERZOLITE,23.62,36.2,45.36,40.61
LHERZOLITE,23.62,36.2,48.58,29.67
LHERZOLITE,23.62,36.2,44.25,37.13
HARZBURGITE,-51.02,162.02,55.1,34.49
HARZBURGITE,-52.37,160.57,55.3,33.6
HARZBURGITE,2.27725,-101.446,43.73,42.46
HARZBURGITE,2.27725,-101.446,40.26,48.72
HARZBURGITE,2.27725,-101.446,42.57,46.28
DUNITE,2.27725,-101.446,39.7,47.93
DUNITE,2.27978,-101.447,41.5,45.05
DUNITE,2.27978,-101.447,44.71,43.81
PERIDOTITE,23.3387,-45.0174,45.38,42.87
HARZBURGITE,23.3387,-45.0174,45.0,42.3
HARZBURGITE,23.3387,-45.0174,45.5,39.53
HARZBURGITE,23.3387,-45.0174,44.69,43.74
PERIDOTITE,23.3387,-45.0174,44.14,44.63
PERIDOTITE,-17.63,65.82,51.95,6.95
BASALT,-29.3,60.62,51.71,6.28
BASALT,-29.3,60.62,45.32,44.02
LHERZOLITE,-1.117,-14.867,38.55,35.88
LHERZOLITE,-0.308,-18.433,42.36,36.48
LHERZOLITE,-1.133,-24.083000000000002,37.62,37.8
PERIDOTITE,23.1666,-45.3217,41.27,48.41
PERIDOTITE,23.1666,-45.3217,43.65,43.04
PERIDOTITE,23.1666,-45.3217,43.71,44.07
PERIDOTITE,23.1666,-45.3217,43.51,45.54
PERIDOTITE,23.1666,-45.3217,46.05,46.11
PERIDOTITE,23.1666,-45.3217,42.02,47.26
PERIDOTITE,23.1666,-45.3217,43.67,45.39
PERIDOTITE,23.1666,-45.3217,44.27,42.29
PERIDOTITE,23.1666,-45.3217,42.12,46.33
PERIDOTITE,23.1666,-45.3217,43.81,43.93
PERIDOTITE,23.1666,-45.3217,46.31,41.9
LHERZOLITE,-12.42,65.93,43.87,40.45
HARZBURGITE,45.25,-29.92,37.9,36.7
HARZBURGITE,45.25,-29.92,38.13,36.5
HARZBURGITE,45.83,-28.33,37.14,37.5
HARZBURGITE,45.42,-28.33,37.7,37.0
WEHRLITE,45.75,-29.0,38.06,30.78
PERIDOTITE,-0.308,-18.433,42.36,36.48
PERIDOTITE,-0.36700000000000005,-20.15,40.45,34.47
PERIDOTITE,-1.133,-24.083000000000002,37.62,37.8
PERIDOTITE,-1.117,-14.867,38.55,35.88
PERIDOTITE,6.007999999999999,-33.275,37.28,36.57
PERIDOTITE,-1.0,-24.0,42.32,37.41
PERIDOTITE,-1.0,-24.0,43.0,36.99
HARZBURGITE,-5.0,67.0,39.08,36.84
HARZBURGITE,5.0,62.0,39.54,37.58
HARZBURGITE,5.0,62.0,39.26,36.3
HARZBURGITE,-5.0,67.0,38.9,35.04
HARZBURGITE,-5.0,69.0,39.56,35.32
LHERZOLITE,5.4,62.13,40.52,33.68
BASALT,-12.42,65.93,52.06,7.6
BASALT,-12.42,65.93,51.99,7.56
PERIDOTITE,0.7308,-25.5195,39.61,37.2
PERIDOTITE,0.6225,-25.4967,40.27,37.04
PERIDOTITE,0.6782,-25.4285,39.89,37.24
PERIDOTITE,0.6782,-25.4285,38.63,37.4
PERIDOTITE,0.9455,-29.4147,39.47,38.3
PERIDOTITE,0.9455,-29.4147,37.72,38.88
PERIDOTITE,0.9455,-29.4147,40.38,33.81
PERIDOTITE,1.0333,-29.3625,43.65,35.15
PERIDOTITE,1.0333,-29.3625,39.46,40.38
PERIDOTITE,0.8175,-29.493000000000002,39.44,36.17
PERIDOTITE,0.8175,-29.493000000000002,38.27,37.4
PERIDOTITE,0.8175,-29.493000000000002,39.03,37.52
PERIDOTITE,0.8175,-29.493000000000002,38.58,36.84
PERIDOTITE,0.8167,-29.4837,38.75,39.28
PERIDOTITE,-13.558,66.507,44.72,43.54
PERIDOTITE,80.969,-2.6180000000000003,31.63,29.1
PERIDOTITE,80.969,-2.6180000000000003,36.24,30.08
PERIDOTITE,80.969,-2.6180000000000003,37.28,31.36
PERIDOTITE,80.969,-2.6180000000000003,40.55,34.78
PERIDOTITE,80.969,-2.6180000000000003,38.94,30.9
PERIDOTITE,80.969,-2.6180000000000003,34.47,31.56
PERIDOTITE,-32.7,57.13,40.4827,35.2286
PERIDOTITE,-32.69,57.18,42.0696,35.5012
PERIDOTITE,-32.69,57.18,40.4521,31.9564
PERIDOTITE,-31.96,57.13,41.0543,32.4128
PERIDOTITE,-32.76,57.3,38.8855,35.7075
PERIDOTITE,-32.73,57.19,54.4214,28.9088
PERIDOTITE,-32.763000000000005,57.3481,39.5755,34.5932
PERIDOTITE,-32.7,57.17,39.9668,32.5847
PERIDOTITE,-32.7,57.17,42.2426,37.0283
PERIDOTITE,-32.7,57.17,39.4017,33.6642
PERIDOTITE,-32.7,57.17,39.9039,34.955999999999996
PERIDOTITE,-32.7,57.17,39.2844,37.1225
PERIDOTITE,-32.7,57.17,39.9788,35.0792
PERIDOTITE,-32.7,57.17,39.8514,33.2279
PERIDOTITE,-32.7,57.17,40.173,34.0988
PERIDOTITE,-32.7,57.17,40.0643,31.4057
PERIDOTITE,-32.7,57.17,40.7092,34.1008
PERIDOTITE,-32.7508,57.2119,40.0939,32.2681
PERIDOTITE,-32.7953,57.1785,38.5804,34.1674
PERIDOTITE,-32.56,57.17,41.5388,36.4393
PERIDOTITE,-32.56,57.17,39.0084,35.113
PERIDOTITE,-32.56,57.17,41.0099,36.8733
PERIDOTITE,-32.56,57.17,41.9137,36.2172
PERIDOTITE,-32.82,56.88,44.24,44.96
PERIDOTITE,-32.82,56.88,46.15,43.42
PERIDOTITE,-26.47,67.45,48.18,37.46
PERIDOTITE,-13.575,66.425,44.8,44.65
PERIDOTITE,-13.575,66.425,45.65,46.09
PERIDOTITE,-8.692,67.633,43.9,40.24
PERIDOTITE,-8.92,67.62,46.58,44.91
PERIDOTITE,-8.92,67.62,44.97,45.24
PERIDOTITE,-17.645,65.587,44.33,45.81
PERIDOTITE,-17.58,65.735,44.12,44.42
PERIDOTITE,-17.58,65.735,43.92,45.94
PERIDOTITE,-54.422,1.528,47.06,38.61
PERIDOTITE,-54.422,1.528,48.43,37.95
PERIDOTITE,-13.65,66.1,44.96,44.81
PERIDOTITE,-12.42,65.93,43.97,43.55
PERIDOTITE,-12.42,65.93,42.42,44.04
PERIDOTITE,-36.85,52.12,44.6,44.53
PERIDOTITE,-36.85,52.12,44.45,45.33
PERIDOTITE,-54.092,6.285,48.01,36.73
PERIDOTITE,-54.092,6.285,46.9,41.12
PERIDOTITE,-54.092,6.285,46.93,41.97
PERIDOTITE,-54.092,6.285,45.43,39.88
PERIDOTITE,-54.092,6.285,46.52,39.27
PERIDOTITE,-54.092,6.285,46.57,39.11
PERIDOTITE,-54.071999999999996,6.398,46.08,41.09
PERIDOTITE,-54.056999999999995,6.5,45.21,43.97
PERIDOTITE,-54.056999999999995,6.5,48.15,40.05
PERIDOTITE,-54.056999999999995,6.5,44.7,45.62
PERIDOTITE,-54.056999999999995,6.5,44.15,45.31
PERIDOTITE,-53.36,24.93,44.67,43.74
PERIDOTITE,-53.095,25.537,45.98,42.63
PERIDOTITE,-53.095,25.537,45.62,43.99
PERIDOTITE,-47.7,32.147,46.62,40.57
PERIDOTITE,-47.7,32.147,44.56,44.22
PERIDOTITE,-47.647,32.352,44.39,45.86
PERIDOTITE,-45.52,35.16,45.8,42.29
PERIDOTITE,-45.56,35.18,45.5,43.84
PERIDOTITE,-45.56,35.18,47.03,42.07
PERIDOTITE,-42.66,42.13,42.83,46.6
PERIDOTITE,-41.51,42.51,44.82,46.29
PERIDOTITE,-39.85,46.288000000000004,45.91,43.36
PERIDOTITE,-39.718,46.295,46.89,42.94
PERIDOTITE,-47.7,32.147,44.45,42.81
PERIDOTITE,-46.507,-33.832,45.39,41.76
PERIDOTITE,-42.685,41.89,45.04,43.71
PERIDOTITE,-42.685,41.89,46.65,41.62
PERIDOTITE,-42.687,41.985,46.13,43.95
PERIDOTITE,-39.718,46.295,44.86,44.7
PERIDOTITE,-32.118,57.1,46.59,38.34
PERIDOTITE,-32.118,57.1,45.91,39.72
PERIDOTITE,-32.118,57.1,45.51,40.06
PERIDOTITE,-32.542,57.05,46.68,38.4
PERIDOTITE,-32.782,57.13399999999999,46.19,38.24
PERIDOTITE,-32.782,57.13399999999999,48.89,36.26
PERIDOTITE,-32.782,57.13399999999999,47.0,40.97
PERIDOTITE,-32.782,57.13399999999999,47.22,38.32
PERIDOTITE,-33.019,57.001000000000005,46.27,40.74
PERIDOTITE,-33.019,57.001000000000005,46.27,43.42
PERIDOTITE,-33.019,57.001000000000005,46.54,41.82
PERIDOTITE,-33.019,57.001000000000005,46.87,40.61
PERIDOTITE,-33.009,56.961000000000006,46.94,41.34
PERIDOTITE,-30.443,60.806999999999995,46.76,40.0
PERIDOTITE,-36.67,52.42,46.39,43.07
PERIDOTITE,-57.782,-7.672000000000001,48.15,42.37
PERIDOTITE,-57.95,-7.812,48.72,38.96
PERIDOTITE,-57.95,-7.812,47.26,40.75
PERIDOTITE,-57.95,-7.812,47.35,40.45
PERIDOTITE,-58.43,-15.662,47.04,39.56
PERIDOTITE,-59.086999999999996,-16.808,46.75,43.22
PERIDOTITE,-59.086999999999996,-16.808,46.12,40.87
PERIDOTITE,-59.086999999999996,-16.808,46.84,42.25
PERIDOTITE,-59.086999999999996,-16.808,45.88,42.37
PERIDOTITE,-59.086999999999996,-16.808,46.03,41.62
PERIDOTITE,-56.39,-142.43,45.27,44.0
PERIDOTITE,-56.39,-142.43,45.05,42.78
PERIDOTITE,-56.39,-142.43,45.15,44.36
PERIDOTITE,-56.39,-142.43,45.11,43.49
PERIDOTITE,-56.39,-142.43,44.88,44.77
PERIDOTITE,-56.39,-142.43,44.92,42.75
PERIDOTITE,-56.39,-142.43,45.46,42.46
PERIDOTITE,-56.39,-142.43,44.83,43.06
PERIDOTITE,-56.39,-142.43,44.79,45.33
PERIDOTITE,-56.54,-141.97,46.79,41.84
PERIDOTITE,-56.54,-141.97,46.44,41.01
PERIDOTITE,-56.54,-141.97,47.43,40.59
PERIDOTITE,-56.54,-141.97,47.29,40.52
PERIDOTITE,-56.54,-141.97,45.08,39.13
PERIDOTITE,23.62,36.2,44.71,38.39
PERIDOTITE,23.62,36.2,44.55,43.88
PERIDOTITE,23.62,36.2,45.51,40.97
PERIDOTITE,23.62,36.2,45.07,38.13
PERIDOTITE,23.62,36.2,50.07,6.03
PERIDOTITE,23.62,36.2,45.23,38.23
PERIDOTITE,14.8459,-45.0774,0.0021,28.55
PERIDOTITE,14.8459,-45.0774,0.0067,29.12
PERIDOTITE,14.8459,-45.0774,0.0047,38.34
PERIDOTITE,14.8459,-45.0774,0.0029,39.11
PERIDOTITE,14.8459,-45.0774,0.0048,38.71
PERIDOTITE,14.8459,-45.0774,0.0033,38.12
PERIDOTITE,14.8459,-45.0774,0.0022,29.57
PERIDOTITE,14.8459,-45.0774,0.0032,38.07
PERIDOTITE,14.8459,-45.0774,0.0022,28.88
PERIDOTITE,14.8459,-45.0774,0.005,38.3
PERIDOTITE,14.8459,-45.0774,0.0034,38.31
PERIDOTITE,14.8459,-45.0774,0.0123,28.35
PERIDOTITE,14.8459,-45.0774,0.0038,37.78
PERIDOTITE,14.8459,-45.0774,0.0175,28.57
PERIDOTITE,14.7224,-44.8887,0.0045,39.47
PERIDOTITE,14.7224,-44.8887,0.0035,39.43
PERIDOTITE,14.7211,-44.8871,0.0112,28.48
PERIDOTITE,14.7214,-44.8849,0.0374,37.9
PERIDOTITE,14.7214,-44.8849,0.0266,36.04
PERIDOTITE,14.7212,-44.8844,0.012,35.4
PERIDOTITE,14.7212,-44.8844,0.0293,38.48
PERIDOTITE,14.7212,-44.8844,0.0424,37.65
PERIDOTITE,14.7212,-44.8844,0.0174,36.05
PERIDOTITE,14.7212,-44.8844,0.0081,38.99
PERIDOTITE,15.037,-44.9481,0.019,36.7
PERIDOTITE,15.037,-44.9481,0.0107,40.85
PERIDOTITE,15.037,-44.9481,0.0095,40.18
PERIDOTITE,15.0365,-44.9485,0.1344,30.12
PERIDOTITE,15.0365,-44.9485,0.0072,39.77
PERIDOTITE,15.0365,-44.9485,0.0147,39.73
PERIDOTITE,15.0365,-44.9485,0.0087,40.47
PERIDOTITE,15.0365,-44.9485,0.0011,40.65
PERIDOTITE,15.0365,-44.9485,0.0025,37.91
PERIDOTITE,15.0944,-44.9717,0.0026,39.25
PERIDOTITE,15.0944,-44.9717,0.0029,39.77
PERIDOTITE,15.0944,-44.9717,0.0032,39.75
PERIDOTITE,15.0944,-44.9717,0.0036,39.81
PERIDOTITE,15.0944,-44.9717,0.0029,39.6
PERIDOTITE,15.0944,-44.9717,0.0034,39.75
PERIDOTITE,15.0944,-44.9717,0.0037,39.27
PERIDOTITE,15.0944,-44.9717,0.0034,39.65
PERIDOTITE,15.0944,-44.9717,0.0032,40.16
PERIDOTITE,15.6478,-46.6764,0.0031,42.64
PERIDOTITE,15.6478,-46.6764,0.0061,39.84
PERIDOTITE,15.6478,-46.6764,0.005,40.06
PERIDOTITE,15.6478,-46.6764,0.0033,41.05
PERIDOTITE,15.6478,-46.6764,0.0043,40.39
PERIDOTITE,15.6478,-46.6764,0.0032,40.45
PERIDOTITE,15.6478,-46.6764,0.006999999999999999,39.73
PERIDOTITE,15.6478,-46.6764,0.0067,39.74
PERIDOTITE,15.6478,-46.6764,0.0032,41.26
PERIDOTITE,15.6478,-46.6764,0.0026,40.02
PERIDOTITE,15.6478,-46.6764,0.0039,40.55
PERIDOTITE,15.6478,-46.6764,0.0072,41.52
PERIDOTITE,15.6478,-46.6764,0.0078,40.64
HARZBURGITE,19.499000000000002,146.666,38.17,36.59
HARZBURGITE,19.499000000000002,146.666,35.69,35.88
HARZBURGITE,19.499000000000002,146.666,40.93,36.85
HARZBURGITE,19.499000000000002,146.666,34.14,39.32
HARZBURGITE,19.499000000000002,146.666,37.46,39.15
HARZBURGITE,19.499000000000002,146.666,34.61,39.21
HARZBURGITE,19.499000000000002,146.666,41.52,39.61
HARZBURGITE,19.499000000000002,146.666,39.29,37.04
HARZBURGITE,19.499000000000002,146.666,37.1,39.38
HARZBURGITE,19.499000000000002,146.666,49.99,22.65
DUNITE,19.5125,146.696,36.74,40.31
DUNITE,19.5125,146.696,39.47,41.21
DUNITE,19.5125,146.696,38.14,41.19
DUNITE,19.5125,146.696,38.3,41.71
DUNITE,19.5125,146.696,35.25,41.35
DUNITE,19.5125,146.696,35.54,42.14
DUNITE,19.5125,146.696,40.8,43.43
DUNITE,19.5125,146.696,39.21,44.36
DUNITE,19.5125,146.696,39.47,40.95
DUNITE,19.5125,146.696,34.5,38.94
DUNITE,19.5125,146.696,34.44,43.4
HARZBURGITE,19.5125,146.696,33.64,40.13
HARZBURGITE,19.5125,146.696,34.46,40.18
HARZBURGITE,19.5125,146.696,35.12,39.87
HARZBURGITE,19.5125,146.696,37.57,39.61
HARZBURGITE,19.5125,146.696,38.35,40.0
HARZBURGITE,19.5125,146.696,29.39,41.22
HARZBURGITE,19.5125,146.696,35.45,41.32
HARZBURGITE,19.5125,146.696,36.49,39.14
HARZBURGITE,19.5125,146.696,36.81,41.5
HARZBURGITE,19.5125,146.696,32.18,40.35
HARZBURGITE,19.5125,146.696,38.62,40.03
HARZBURGITE,19.5125,146.696,38.08,37.34
HARZBURGITE,19.5125,146.696,38.7,39.33
HARZBURGITE,19.5125,146.696,40.2,42.69
HARZBURGITE,19.5125,146.696,37.37,39.47
HARZBURGITE,19.5125,146.696,29.13,41.26
HARZBURGITE,19.5125,146.696,38.61,41.84
HARZBURGITE,19.5125,146.696,38.09,42.96
HARZBURGITE,19.5125,146.696,39.61,40.95
HARZBURGITE,19.5125,146.696,37.09,39.5
HARZBURGITE,19.5125,146.696,35.53,39.32
HARZBURGITE,19.5422,146.654,40.7,42.94
HARZBURGITE,19.5422,146.654,40.7,42.94
HARZBURGITE,19.5422,146.654,38.42,39.04
HARZBURGITE,19.5422,146.654,37.76,39.97
HARZBURGITE,19.5422,146.654,38.56,39.13
DUNITE,19.9643,146.78799999999998,38.43,39.78
HARZBURGITE,19.9643,146.78799999999998,36.41,40.18
HARZBURGITE,19.9643,146.78799999999998,39.21,38.19
HARZBURGITE,19.9643,146.78799999999998,35.9,39.39
HARZBURGITE,19.9643,146.78799999999998,36.01,39.35
HARZBURGITE,19.9643,146.78799999999998,36.84,39.91
HARZBURGITE,15.0944,-44.9717,37.84,40.24
HARZBURGITE,15.0944,-44.9717,37.75,39.99
HARZBURGITE,15.0944,-44.9717,37.45,40.3
HARZBURGITE,15.0944,-44.9717,37.11,40.14
HARZBURGITE,15.0944,-44.9717,36.97,40.48
HARZBURGITE,15.0944,-44.9717,37.17,38.56
DUNITE,15.0944,-44.9717,33.62,42.04
HARZBURGITE,15.0944,-44.9717,36.81,39.64
HARZBURGITE,15.0944,-44.9717,36.78,39.93
HARZBURGITE,15.0944,-44.9717,37.48,40.11
HARZBURGITE,15.0944,-44.9717,34.82,41.08
HARZBURGITE,15.6478,-46.6764,39.04,40.88
HARZBURGITE,15.6478,-46.6764,35.65,37.64
HARZBURGITE,15.6478,-46.6764,37.78,39.04
HARZBURGITE,15.6478,-46.6764,35.53,40.89
HARZBURGITE,15.6478,-46.6764,37.58,39.99
HARZBURGITE,15.6478,-46.6764,37.52,40.69
HARZBURGITE,15.6478,-46.6764,38.66,39.93
HARZBURGITE,15.6478,-46.6764,38.78,40.62
HARZBURGITE,15.6478,-46.6764,37.93,40.62
HARZBURGITE,15.6478,-46.6764,38.81,41.88
HARZBURGITE,15.6478,-46.6764,37.82,40.45
HARZBURGITE,15.6478,-46.6764,39.54,40.72
HARZBURGITE,15.6478,-46.6764,37.8,39.99
HARZBURGITE,15.6478,-46.6764,40.2,40.71
HARZBURGITE,15.6478,-46.6764,40.32,40.28
HARZBURGITE,15.6478,-46.6764,34.37,42.24
PERIDOTITE,14.7214,-44.8849,41.38,35.39
PERIDOTITE,14.7214,-44.8849,43.96,34.85
PERIDOTITE,14.7212,-44.8844,43.6,28.98
PERIDOTITE,14.7212,-44.8844,42.16,30.42
PERIDOTITE,14.7212,-44.8844,41.98,33.43
PERIDOTITE,14.7212,-44.8844,42.43,32.05
PERIDOTITE,12.2425,144.13,45.1,41.25
PERIDOTITE,12.2425,144.13,45.73,39.97
PERIDOTITE,12.2425,144.13,45.45,38.61
PERIDOTITE,12.2425,144.13,45.39,40.99
PERIDOTITE,12.2425,144.13,44.86,41.12
PERIDOTITE,12.2425,144.13,46.67,39.51
PERIDOTITE,12.2425,144.13,46.09,40.02
PERIDOTITE,12.2425,144.13,46.4,41.62
DUNITE,12.2425,144.13,43.7,44.64
PERIDOTITE,12.2425,144.13,45.27,42.26
PERIDOTITE,12.2425,144.13,45.18,41.34
PERIDOTITE,12.2425,144.13,46.53,40.29
PERIDOTITE,-25.2638,69.8323,45.6,43.2
PERIDOTITE,-25.2638,69.8323,45.9,42.8
PERIDOTITE,23.3385,-45.0173,39.57,37.32
PERIDOTITE,23.3385,-45.0173,38.85,37.69
PERIDOTITE,23.3385,-45.0173,38.64,37.84
PERIDOTITE,23.3385,-45.0173,39.87,37.63
PERIDOTITE,23.3385,-45.0173,38.68,37.72
PERIDOTITE,23.3385,-45.0173,38.45,37.48
PERIDOTITE,23.3385,-45.0173,38.68,37.51
PERIDOTITE,23.3385,-45.0173,39.92,37.37
PERIDOTITE,23.3385,-45.0173,38.92,37.51
PERIDOTITE,23.3385,-45.0173,40.14,37.37
PERIDOTITE,23.3385,-45.0173,39.08,37.5
PERIDOTITE,23.3385,-45.0173,39.82,37.63
PERIDOTITE,23.3385,-45.0173,40.65,37.12
PERIDOTITE,23.3387,-45.0174,39.17,37.46
PERIDOTITE,23.3387,-45.0174,38.72,37.81
PERIDOTITE,23.3387,-45.0174,39.78,37.2
PERIDOTITE,23.3387,-45.0174,37.84,37.38
PERIDOTITE,23.3387,-45.0174,39.17,38.84
PERIDOTITE,23.3387,-45.0174,37.99,37.96
PERIDOTITE,23.3387,-45.0174,39.05,38.05
PERIDOTITE,23.3387,-45.0174,38.98,37.96
PERIDOTITE,23.3387,-45.0174,39.21,37.57
PERIDOTITE,23.3387,-45.0174,39.14,37.33
PERIDOTITE,23.3387,-45.0174,38.74,37.52
PERIDOTITE,23.3387,-45.0174,37.73,38.26
PERIDOTITE,23.3387,-45.0174,39.2,37.47
PERIDOTITE,23.3387,-45.0174,38.04,37.56
PERIDOTITE,23.3387,-45.0174,39.44,37.16
PERIDOTITE,23.3387,-45.0174,39.9,37.1
PERIDOTITE,23.3387,-45.0174,40.2,37.15
PERIDOTITE,23.3387,-45.0174,38.91,37.7
PERIDOTITE,23.3387,-45.0174,39.33,37.56
PERIDOTITE,23.3387,-45.0174,40.08,37.24
PERIDOTITE,23.3387,-45.0174,39.67,37.47
HARZBURGITE,23.3385,-45.0173,44.61,44.6
HARZBURGITE,23.3385,-45.0173,43.97,43.95
HARZBURGITE,23.3385,-45.0173,45.01,43.05
HARZBURGITE,23.3385,-45.0173,44.96,43.07
HARZBURGITE,23.3385,-45.0173,43.88,45.33
HARZBURGITE,23.3385,-45.0173,45.76,43.63
HARZBURGITE,23.3385,-45.0173,44.1,40.96
HARZBURGITE,23.3385,-45.0173,44.3,43.44
HARZBURGITE,23.3385,-45.0173,44.23,43.72
HARZBURGITE,23.3385,-45.0173,45.4,42.31
HARZBURGITE,23.3385,-45.0173,44.14,42.54
HARZBURGITE,23.3385,-45.0173,43.81,43.55
HARZBURGITE,23.3385,-45.0173,43.49,43.68
HARZBURGITE,23.3385,-45.0173,44.69,43.13
HARZBURGITE,23.3385,-45.0173,42.63,45.98
HARZBURGITE,23.3385,-45.0173,44.33,45.19
HARZBURGITE,23.3385,-45.0173,44.23,43.45
HARZBURGITE,23.3385,-45.0173,44.14,44.01
HARZBURGITE,23.3385,-45.0173,44.9,44.12
HARZBURGITE,23.3385,-45.0173,43.74,44.72
HARZBURGITE,23.3385,-45.0173,44.97,42.82
HARZBURGITE,23.3385,-45.0173,44.21,44.85
HARZBURGITE,23.3385,-45.0173,44.29,44.37
HARZBURGITE,23.3385,-45.0173,46.16,43.34
HARZBURGITE,23.3385,-45.0173,44.49,44.17
HARZBURGITE,23.3385,-45.0173,44.02,46.21
HARZBURGITE,23.3385,-45.0173,44.86,44.12
HARZBURGITE,23.3385,-45.0173,44.22,44.49
HARZBURGITE,23.3385,-45.0173,44.61,44.41
HARZBURGITE,23.3385,-45.0173,43.87,45.0
HARZBURGITE,23.3385,-45.0173,44.71,44.37
HARZBURGITE,23.3387,-45.0174,46.02,42.44
HARZBURGITE,23.3387,-45.0174,44.39,30.19
HARZBURGITE,23.3387,-45.0174,44.81,43.94
HARZBURGITE,23.3387,-45.0174,44.11,44.09
HARZBURGITE,23.3387,-45.0174,43.7,43.54
HARZBURGITE,23.3387,-45.0174,44.48,43.87
HARZBURGITE,23.3387,-45.0174,44.97,42.82
HARZBURGITE,23.3387,-45.0174,43.68,43.83
HARZBURGITE,23.3387,-45.0174,47.22,41.47
HARZBURGITE,23.3387,-45.0174,43.8,44.29
HARZBURGITE,23.3387,-45.0174,44.63,43.39
HARZBURGITE,23.3387,-45.0174,44.31,43.79
HARZBURGITE,23.3387,-45.0174,44.25,43.411
HARZBURGITE,23.3387,-45.0174,43.26,43.52
HARZBURGITE,23.3387,-45.0174,43.28,43.19
HARZBURGITE,23.3387,-45.0174,42.85,44.05
HARZBURGITE,23.3387,-45.0174,43.0,44.23
HARZBURGITE,23.3387,-45.0174,43.79,43.97
HARZBURGITE,23.3387,-45.0174,44.02,44.39
HARZBURGITE,23.3387,-45.0174,43.98,43.9
HARZBURGITE,23.3387,-45.0174,46.64,38.02
HARZBURGITE,23.3387,-45.0174,44.1,40.55
HARZBURGITE,23.3387,-45.0174,43.63,42.74
HARZBURGITE,23.3387,-45.0174,44.38,40.63
HARZBURGITE,23.3387,-45.0174,44.27,43.33
HARZBURGITE,23.3387,-45.0174,43.79,44.14
HARZBURGITE,23.3387,-45.0174,44.29,43.49
HARZBURGITE,23.3387,-45.0174,43.9,43.85
HARZBURGITE,23.3387,-45.0174,43.55,43.95
HARZBURGITE,23.3387,-45.0174,43.32,42.61
HARZBURGITE,23.3387,-45.0174,44.05,41.83
HARZBURGITE,23.3387,-45.0174,43.58,42.93
HARZBURGITE,23.3387,-45.0174,44.39,42.77
HARZBURGITE,23.3387,-45.0174,44.32,42.9
HARZBURGITE,23.3387,-45.0174,44.72,43.22
HARZBURGITE,23.3387,-45.0174,43.64,43.55
HARZBURGITE,23.3387,-45.0174,45.44,17.41
HARZBURGITE,23.3387,-45.0174,43.37,44.19
HARZBURGITE,23.3387,-45.0174,43.94,43.22
HARZBURGITE,23.3387,-45.0174,45.74,34.17
HARZBURGITE,23.3387,-45.0174,44.75,43.56
HARZBURGITE,23.3387,-45.0174,45.55,40.49
HARZBURGITE,23.3387,-45.0174,45.01,42.73
HARZBURGITE,23.3387,-45.0174,44.09,44.17
HARZBURGITE,23.3387,-45.0174,46.54,40.54
HARZBURGITE,23.3387,-45.0174,43.97,43.49
HARZBURGITE,23.3387,-45.0174,45.09,42.74
HARZBURGITE,23.3387,-45.0174,43.93,44.19
HARZBURGITE,23.3387,-45.0174,43.83,44.48
HARZBURGITE,23.3387,-45.0174,43.51,43.99
HARZBURGITE,23.3387,-45.0174,44.64,43.6
HARZBURGITE,23.3387,-45.0174,44.65,43.85
HARZBURGITE,23.3387,-45.0174,44.94,42.46
HARZBURGITE,23.3387,-45.0174,44.81,43.66
HARZBURGITE,23.3387,-45.0174,45.77,35.79
HARZBURGITE,23.3387,-45.0174,43.71,43.61
HARZBURGITE,23.3387,-45.0174,44.92,42.59
PERIDOTITE,23.3385,-45.0173,39.5,38.4
PERIDOTITE,23.3387,-45.0174,38.3,38.7
PERIDOTITE,23.3387,-45.0174,39.0,37.7
PERIDOTITE,23.3387,-45.0174,39.2,37.8
PERIDOTITE,23.3387,-45.0174,38.1,38.8
PERIDOTITE,23.3387,-45.0174,39.4,38.8
PERIDOTITE,23.3385,-45.0173,38.15,38.8
PERIDOTITE,23.3387,-45.0174,38.7,38.5
PERIDOTITE,23.3387,-45.0174,37.9,38.9
PERIDOTITE,23.3387,-45.0174,39.3,38.65
LHERZOLITE,-53.14,9.979,49.6,7.33
HARZBURGITE,2.27723,-101.446,35.31,41.27
DUNITE,2.27723,-101.446,34.44,39.81
DUNITE,2.27725,-101.446,36.98,43.24
HARZBURGITE,2.27725,-101.446,35.05,41.36
DUNITE,2.27978,-101.447,32.71,41.42
DUNITE,2.27978,-101.447,33.33,42.98
DUNITE,2.27978,-101.447,32.7,42.54
HARZBURGITE,2.27978,-101.447,35.58,41.92
HARZBURGITE,19.499000000000002,146.666,41.52,39.61
HARZBURGITE,19.5125,146.696,40.02,40.34
HARZBURGITE,19.5125,146.696,40.36,40.34
HARZBURGITE,19.5422,146.654,38.85,38.87
HARZBURGITE,19.5422,146.654,38.85,38.87
HARZBURGITE,30.91,141.73,36.23,38.85
DUNITE,30.91,141.73,33.01,40.31
HARZBURGITE,30.91,141.73,38.41,38.86
HARZBURGITE,30.91,141.73,35.72,42.19
HARZBURGITE,14.75,-44.98,43.46,45.64
HARZBURGITE,14.75,-44.98,44.28,45.48
HARZBURGITE,14.75,-44.98,45.31,43.74
HARZBURGITE,14.75,-44.98,45.85,43.95
HARZBURGITE,14.75,-44.98,61.86,30.61
PERIDOTITE,-14.75,-173.358,45.89,44.25
PERIDOTITE,-25.855999999999998,-175.43400000000003,46.73,43.61
PERIDOTITE,-19.252,-172.94799999999998,44.08,46.38
PERIDOTITE,40.8388,-12.474,25.84,22.39
PERIDOTITE,40.8388,-12.474,32.44,25.52
PERIDOTITE,40.8388,-12.474,47.28,17.9
PERIDOTITE,40.8388,-12.474,36.41,32.67
PERIDOTITE,40.8388,-12.474,36.14,39.5
PERIDOTITE,40.8388,-12.474,38.85,22.95
PERIDOTITE,40.8388,-12.474,37.46,31.22
PERIDOTITE,40.8388,-12.474,33.28,36.81
PERIDOTITE,40.8388,-12.474,41.49,32.22
PERIDOTITE,40.8388,-12.474,42.68,27.9
PERIDOTITE,40.8388,-12.474,42.71,27.34
PERIDOTITE,40.8388,-12.474,33.24,41.02
PERIDOTITE,40.8388,-12.474,32.85,41.3
PERIDOTITE,40.8388,-12.474,33.75,41.77
PERIDOTITE,40.8388,-12.474,33.31,40.78
PERIDOTITE,40.8388,-12.474,34.24,40.78
PERIDOTITE,40.8388,-12.474,33.74,40.59
PERIDOTITE,40.8385,-12.4752,30.86,40.49
PERIDOTITE,40.8385,-12.4752,33.16,40.51
PERIDOTITE,40.8385,-12.4752,31.5,38.64
PERIDOTITE,40.8385,-12.4752,33.28,39.93
PERIDOTITE,40.8385,-12.4752,33.75,33.31
PERIDOTITE,40.8385,-12.4752,36.97,31.49
PERIDOTITE,40.8385,-12.4752,35.58,40.48
PERIDOTITE,40.8385,-12.4752,35.4,40.53
PERIDOTITE,40.8385,-12.4752,34.47,33.87
PERIDOTITE,40.8385,-12.4752,33.76,40.36
PERIDOTITE,40.8385,-12.4752,33.82,40.7
PERIDOTITE,40.8385,-12.4752,33.87,41.4
PERIDOTITE,40.8385,-12.4752,33.45,40.9
PERIDOTITE,40.8385,-12.4752,32.69,41.06
PERIDOTITE,40.8385,-12.4752,32.48,41.13
PERIDOTITE,40.8385,-12.4752,34.81,40.23
PERIDOTITE,40.8385,-12.4752,35.09,40.13
PERIDOTITE,40.8385,-12.4752,33.64,40.16
PERIDOTITE,40.8385,-12.4752,33.21,41.55
PERIDOTITE,40.8385,-12.4752,32.82,41.48
PERIDOTITE,40.8385,-12.4752,34.61,41.0
PERIDOTITE,40.8385,-12.4752,34.43,41.21
PERIDOTITE,40.8385,-12.4752,34.56,41.26
PERIDOTITE,40.8385,-12.4752,34.67,41.53
PERIDOTITE,44.2797,9.7969,42.72,34.74
PERIDOTITE,44.2797,9.7973,43.41,34.65
PERIDOTITE,44.2797,9.7979,42.23,38.37
PERIDOTITE,44.2797,9.7971,43.6,35.48
PERIDOTITE,44.2797,9.797,42.07,34.83
PERIDOTITE,44.2797,9.7942,42.11,39.04
PERIDOTITE,44.2797,9.7973,43.57,34.48
PERIDOTITE,44.2797,9.7952,42.43,36.97
PERIDOTITE,44.28,9.8078,41.94,37.28
PERIDOTITE,44.28,9.8077,42.96,35.78
PERIDOTITE,44.28,9.8077,42.82,36.16
PERIDOTITE,44.2958,9.7631,41.05,34.32
PERIDOTITE,45.2575,7.4625,43.75,44.68
PERIDOTITE,45.2575,7.4633,43.5,45.09
PERIDOTITE,45.2575,7.4608,44.79,38.74
PERIDOTITE,45.2575,7.4617,44.94,42.82
PERIDOTITE,45.2575,7.4603,42.74,37.69
PERIDOTITE,45.2575,7.4603,44.94,40.57
PERIDOTITE,45.2575,7.4611,42.56,42.8
PERIDOTITE,45.2575,7.4639,42.4,41.7
PERIDOTITE,45.2575,7.4636,41.67,44.24
PERIDOTITE,45.2575,7.4589,42.87,38.06
PERIDOTITE,45.2575,7.4583,42.97,37.17
PERIDOTITE,45.2742,7.4597,42.73,37.87
PERIDOTITE,45.2742,7.4589,43.71,37.72
PERIDOTITE,45.2575,7.4594,42.7,39.16
PERIDOTITE,45.2575,7.46,43.51,38.18
PERIDOTITE,45.2575,7.4603,39.82,44.7
PERIDOTITE,45.2575,7.4619,43.74,40.44
PERIDOTITE,45.2575,7.4617,44.0,39.46
PERIDOTITE,45.2575,7.4625,42.47,40.57
PERIDOTITE,45.2575,7.4564,44.45,36.0
PERIDOTITE,45.2575,7.4561,43.98,39.77
PERIDOTITE,45.2575,7.455,43.54,37.04
PERIDOTITE,45.2575,7.4558,43.08,37.08
PERIDOTITE,80.969,-2.6180000000000003,38.59,31.56
PERIDOTITE,82.32,-4.74,37.94,30.89
PERIDOTITE,82.26,-5.01,38.11,37.12
PERIDOTITE,82.26,-5.01,39.6,34.64
PERIDOTITE,82.26,-5.01,39.9,37.74
PERIDOTITE,82.26,-5.01,38.77,38.52
PERIDOTITE,82.26,-5.01,40.46,37.43
PERIDOTITE,82.26,-5.01,39.94,36.18
PERIDOTITE,82.17,-4.76,40.69,37.08
PERIDOTITE,82.17,-4.76,39.23,34.61
PERIDOTITE,82.17,-4.76,38.05,34.31
PERIDOTITE,82.17,-4.76,39.05,36.0
PERIDOTITE,82.12,-5.15,36.21,32.09
PERIDOTITE,82.12,-5.15,36.82,31.46
PERIDOTITE,82.01,-4.68,36.08,36.08
PERIDOTITE,82.01,-4.68,34.38,32.75
PERIDOTITE,82.01,-4.68,36.11,34.59
PERIDOTITE,82.01,-4.68,36.99,34.36
PERIDOTITE,81.73,-5.57,39.78,32.63
PERIDOTITE,81.73,-5.57,39.25,35.79
PERIDOTITE,81.73,-5.57,38.6,38.54
PERIDOTITE,81.66,-3.91,42.94,34.19
PERIDOTITE,81.66,-3.91,41.91,34.31
PERIDOTITE,81.66,-3.91,42.03,35.2
PERIDOTITE,81.66,-3.91,41.64,33.87
PERIDOTITE,81.66,-3.91,42.94,34.19
PERIDOTITE,81.66,-3.91,38.09,36.57
PERIDOTITE,81.41,-2.95,39.48,35.38
PERIDOTITE,81.41,-2.95,38.88,37.54
PERIDOTITE,80.9,-2.5,37.6,36.46
PERIDOTITE,80.9,-2.5,32.02,30.57
PERIDOTITE,80.9,-2.5,40.11,39.5
