ROCK NAME,LATITUDE,LONGITUDE,SIO2,MGO,CAO,MNO
LHERZOLITE,49.0,-121.0,59.1,2.95,5.98,0.04
LHERZOLITE,49.0,-121.0,58.8,3.26,6.42,0.06
LHERZOLITE,49.0,-121.0,62.6,0.99,1.86,0.01
DUNITE,66.0,-24.0,39.72,47.05,0.37,0.18
LHERZOLITE,-2.0,136.0,39.55,42.14,1.95,0.18
LHERZOLITE,-2.0,136.0,39.95,35.85,4.62,0.18
DUNITE,3.0,-78.32,41.87,34.65,5.42,0.18
LHERZOLITE,42.0,143.0,44.94,38.81,2.97,0.15
DUNITE,49.0,-79.37,41.2,49.7,0.26,0.11
WEHRLITE,49.0,-79.37,43.2,45.1,0.04,0.14
WEHRLITE,49.0,-79.37,43.4,41.5,0.36,0.15
WEHRLITE,49.0,-79.37,42.8,40.8,1.17,0.16
WEHRLITE,49.0,-79.37,44.6,30.3,6.77,0.15
DUNITE,49.0,-79.37,42.1,50.4,0.02,0.1
DUNITE,49.0,-79.37,41.6,50.0,0.09,0.09
WEHRLITE,49.0,-79.37,44.9,38.9,1.11,0.14
WEHRLITE,49.0,-79.37,44.6,40.4,0.37,0.15
WEHRLITE,49.0,-79.37,42.5,38.4,5.94,0.18
DUNITE,48.2,-80.1,37.9,37.78,0.05,0.15
HARZBURGITE,42.0,143.0,42.92,45.65,0.8,0.12
HARZBURGITE,42.0,143.0,43.65,46.21,0.41,0.131
LHERZOLITE,42.0,143.0,44.34,42.65,1.99,0.13699999999999998
HARZBURGITE,42.0,143.0,44.09,45.72,0.61,0.132
LHERZOLITE,42.0,143.0,44.26,44.43,1.24,0.13
LHERZOLITE,42.0,143.0,43.82,42.56,1.98,0.13
LHERZOLITE,42.0,143.0,44.42,42.24,1.98,0.135
LHERZOLITE,42.0,143.0,44.64,41.97,2.26,0.135
LHERZOLITE,42.0,143.0,43.93,42.01,2.26,0.13
LHERZOLITE,42.0,143.0,44.43,41.6,2.27,0.138
HARZBURGITE,42.0,143.0,43.54,46.54,0.44,0.13
HARZBURGITE,42.0,143.0,43.95,45.9,0.82,0.128
LHERZOLITE,42.0,143.0,45.22,40.39,2.57,0.14
LHERZOLITE,42.0,143.0,45.54,39.43,2.85,0.14
LHERZOLITE,42.0,143.0,45.63,38.7,3.07,0.142
LHERZOLITE,42.0,143.0,44.99,40.06,2.94,0.13699999999999998
LHERZOLITE,42.0,143.0,45.08,40.18,2.82,0.141
LHERZOLITE,42.0,143.0,44.88,39.58,2.99,0.142
LHERZOLITE,42.0,143.0,45.67,38.96,3.11,0.138
LHERZOLITE,42.0,143.0,44.19,43.37,1.41,0.12
LHERZOLITE,42.0,143.0,44.61,43.12,1.41,0.129
LHERZOLITE,42.0,143.0,44.48,42.53,1.84,0.135
LHERZOLITE,42.0,143.0,44.64,42.91,1.76,0.132
LHERZOLITE,42.0,143.0,44.97,43.03,1.67,0.132
LHERZOLITE,42.0,143.0,45.49,39.31,2.74,0.13699999999999998
LHERZOLITE,42.0,143.0,44.1,41.12,2.62,0.13
LHERZOLITE,42.0,143.0,44.73,41.11,2.64,0.14
LHERZOLITE,42.0,143.0,44.54,40.94,2.63,0.14
LHERZOLITE,42.0,143.0,44.63,40.74,2.77,0.141
DUNITE,63.6,34.8,45.2,34.4,3.72,0.18
HARZBURGITE,42.0,143.0,43.95,44.51,0.8,0.132
HARZBURGITE,42.0,143.0,43.74,46.14,0.96,0.13
LHERZOLITE,42.0,143.0,44.3,41.8,1.95,0.132
LHERZOLITE,42.0,143.0,44.02,42.56,2.3,0.13
LHERZOLITE,42.0,143.0,44.95,37.1,3.59,0.145
LHERZOLITE,42.0,143.0,44.82,38.77,3.91,0.14
LHERZOLITE,42.0,143.0,45.15,37.55,3.18,0.14
LHERZOLITE,42.0,143.0,44.41,39.1,3.34,0.14
HARZBURGITE,-18.4,127.4,39.53,33.23,0.17,0.07
HARZBURGITE,-18.4,127.4,36.59,35.81,0.15,0.07
HARZBURGITE,-20.7,116.75,36.57,29.23,3.51,0.17
HARZBURGITE,-26.1,30.5,42.59,32.12,2.65,0.13
WEHRLITE,-25.945,30.7283,40.41,31.87,3.85,0.18
WEHRLITE,-26.0,30.5,38.76,30.07,4.12,0.18
WEHRLITE,-26.0,30.5,43.37,23.52,8.0,0.19
DUNITE,57.03,120.72,41.4,46.7,0.14,0.18
DUNITE,57.03,120.72,41.5,46.3,0.48,0.18
DUNITE,57.03,120.72,41.8,47.2,0.1,0.16
DUNITE,57.03,120.72,42.0,47.8,1.56,0.13
DUNITE,57.03,120.72,42.0,47.6,0.04,0.08
DUNITE,57.03,120.72,42.6,45.7,0.05,0.08
DUNITE,57.03,120.72,41.1,48.0,0.02,0.1
DUNITE,57.03,120.72,40.5,48.5,0.12,0.12
DUNITE,57.03,120.72,40.1,50.4,0.09,0.12
HARZBURGITE,42.0,143.0,42.96,46.19,0.54,0.13
HARZBURGITE,42.0,143.0,43.36,47.08,0.57,0.13
LHERZOLITE,42.0,143.0,43.43,42.49,1.61,0.13
LHERZOLITE,42.0,143.0,43.65,42.45,1.47,0.131
LHERZOLITE,42.0,143.0,43.63,43.02,1.66,0.13
LHERZOLITE,42.0,143.0,43.82,38.8,2.84,0.13
LHERZOLITE,42.0,143.0,44.56,38.66,2.81,0.139
DUNITE,42.0,143.0,41.77,37.2,5.21,0.14
DUNITE,42.0,143.0,45.77,17.7,13.26,0.08
DUNITE,42.0,143.0,42.55,29.3,8.14,0.12
DUNITE,42.0,143.0,46.05,16.6,13.97,0.07
NOT-GIVEN,42.0,143.0,41.44,9.13,16.9,0.05
NOT-GIVEN,42.0,143.0,48.45,7.57,20.18,0.04
NOT-GIVEN,42.0,143.0,44.95,8.35,18.54,0.05
DUNITE,64.9667,-49.9944,40.76,42.68,1.18,0.13
DUNITE,-25.5,31.3,38.5,39.13,1.29,0.14
DUNITE,-26.0,27.78,40.06,38.15,0.25,0.1
HARZBURGITE,-26.0,27.78,40.0,37.52,0.26,0.09
DUNITE,34.5,136.8,36.59,39.89,0.89,0.2
HARZBURGITE,-21.72,150.3,38.59,40.2,0.55,0.1
HARZBURGITE,-22.9272,149.953,40.78,42.04,0.99,0.13
HARZBURGITE,-22.9273,149.954,40.82,41.16,1.64,0.12
HARZBURGITE,-22.9555,149.901,43.16,33.67,0.08,0.12
DUNITE,35.3,135.3,34.04,40.5,0.28,0.1
HARZBURGITE,35.3,135.3,37.22,40.12,1.53,0.17
HARZBURGITE,35.3,135.3,41.49,43.38,1.18,0.15
HARZBURGITE,35.3,135.3,38.87,40.03,1.49,0.12
HARZBURGITE,35.3,135.3,41.07,41.43,1.58,0.18
HARZBURGITE,45.78,3.08,43.21,43.08,0.54,0.17
DUNITE,45.78,3.08,39.69,44.39,0.06,0.19
DUNITE,-18.8051,48.3225,39.18,39.22,0.55,0.16
DUNITE,-18.8079,48.3352,39.53,38.87,1.86,0.2
DUNITE,-18.8079,48.3352,37.56,39.09,0.67,0.19
DUNITE,-18.85,48.32,40.12,38.39,1.09,0.2
DUNITE,-18.8079,48.3352,37.43,38.37,0.85,0.2
DUNITE,-18.8079,48.3352,39.94,37.68,1.58,0.2
WEHRLITE,-18.85,48.32,39.92,36.48,3.36,0.25
WEHRLITE,-18.8079,48.3352,40.89,34.0,3.24,0.26
WEHRLITE,-18.8079,48.3352,40.63,33.21,4.23,0.24
WEHRLITE,-18.83,48.33,42.5,33.44,4.12,0.27
WEHRLITE,-18.8079,48.3352,42.89,31.74,5.03,0.35
WEHRLITE,-18.8062,48.3373,41.95,32.57,6.87,0.15
WEHRLITE,-18.8062,48.3373,42.5,32.47,7.46,0.14
WEHRLITE,-18.83,48.33,44.17,31.02,8.71,0.16
WEHRLITE,-18.8051,48.3225,44.52,29.72,9.42,0.17
DUNITE,-41.5,145.5,46.3,46.09,0.03,0.11
DUNITE,-41.5,145.5,39.56,44.82,0.07,0.1
DUNITE,-41.5,145.5,36.65,38.46,0.14,0.17
DUNITE,3.0,-78.32,41.7,34.2,5.94,0.18
WEHRLITE,3.0,-78.32,43.25,27.6,6.5,0.23
DUNITE,3.0,-78.32,42.85,31.5,6.28,0.17
DUNITE,7.95,-11.19,36.3,45.7,1.2,0.09
DUNITE,65.0,176.0,34.32,41.8,0.38,0.19
DUNITE,65.0,176.0,38.98,42.89,1.17,0.07
HARZBURGITE,65.0,176.0,40.46,38.94,0.08,0.1
HARZBURGITE,65.0,176.0,40.89,38.42,0.0,0.06
HARZBURGITE,65.0,176.0,40.07,37.72,0.0,0.06
DUNITE,38.79,15.21,40.4,47.82,0.36,0.14
WEHRLITE,38.79,15.21,44.85,28.61,9.17,0.19
HARZBURGITE,17.7,147.5,46.6,24.68,5.97,0.25
HARZBURGITE,12.1,143.9,42.64,36.84,2.87,0.13
WEHRLITE,2.5,-76.4,42.12,27.49,6.1,0.17
WEHRLITE,2.5,-76.4,39.96,30.92,5.5,0.17
WEHRLITE,2.5,-76.4,40.57,29.66,5.47,0.16
HARZBURGITE,-46.65,-75.45,38.5,36.4,0.1,0.08
HARZBURGITE,-46.65,-75.45,38.0,37.85,0.11,0.11
HARZBURGITE,56.6108,-102.82600000000001,41.95,34.25,0.28,0.1
DUNITE,70.0,100.0,39.69,45.33,0.58,0.22
HARZBURGITE,54.82,-125.17,55.23,35.67,0.75,0.12
HARZBURGITE,54.82,-125.17,44.69,45.23,0.24,0.13
HARZBURGITE,54.82,-125.17,44.31,45.81,0.37,0.12
HARZBURGITE,54.82,-125.17,43.89,45.71,0.56,0.12
LHERZOLITE,54.4,-124.0,46.23,33.15,0.75,0.11
DUNITE,61.56,-73.47,38.2,29.77,2.31,0.17
DUNITE,61.5,-73.7,38.85,26.66,5.45,0.18
DUNITE,61.5,-73.7,38.29,27.46,3.67,0.2
DUNITE,61.5,-73.7,38.0,26.62,3.95,0.18
DUNITE,61.5,-73.7,39.69,26.48,5.82,0.17
HARZBURGITE,20.59,-74.78,38.55,38.01,0.35,0.11
HARZBURGITE,20.59,-74.78,39.23,36.81,0.32,0.12
HARZBURGITE,20.59,-74.78,41.89,37.63,0.48,0.13
HARZBURGITE,20.59,-74.78,36.66,38.26,0.32,0.11
HARZBURGITE,20.59,-74.78,38.02,35.47,0.05,0.11
HARZBURGITE,20.59,-74.78,38.23,40.62,0.28,0.11
HARZBURGITE,20.59,-74.78,37.45,38.24,0.0,0.11
HARZBURGITE,20.59,-74.78,38.19,39.09,0.17,0.11
HARZBURGITE,20.59,-74.78,39.11,40.34,0.57,0.11
DUNITE,20.59,-74.78,36.81,38.65,0.34,0.11
DUNITE,20.59,-74.78,38.66,35.69,0.8,0.13
DUNITE,20.59,-74.78,38.29,36.31,0.67,0.14
DUNITE,20.59,-74.78,37.01,39.41,1.13,0.12
DUNITE,20.59,-74.78,36.79,39.1,1.86,0.13
DUNITE,20.59,-74.78,34.57,39.64,0.15,0.12
DUNITE,20.59,-74.78,35.86,38.42,0.02,0.08
HARZBURGITE,20.46,-75.7,39.67,37.63,0.03,0.08
HARZBURGITE,20.46,-75.7,44.63,40.82,0.04,0.11
HARZBURGITE,20.46,-75.7,41.16,35.95,0.07,0.09
HARZBURGITE,20.46,-75.7,39.93,35.4,0.02,0.1
HARZBURGITE,20.46,-75.7,39.39,35.23,0.17,0.11
HARZBURGITE,20.46,-75.7,39.24,33.71,0.04,0.11
HARZBURGITE,20.46,-75.7,39.71,36.13,0.06,0.11
DUNITE,20.46,-75.7,39.33,36.55,0.01,0.09
DUNITE,20.46,-75.7,39.62,33.84,0.02,0.11
WEHRLITE,20.59,-74.78,38.39,30.78,2.84,0.22
WEHRLITE,20.59,-74.78,38.13,36.25,2.53,0.12
LHERZOLITE,42.0,143.0,44.95,41.99,1.88,0.13
LHERZOLITE,42.0,143.0,43.95,39.01,3.04,0.13
WEHRLITE,-49.7114,70.0801,43.77,26.79,6.15,0.19
WEHRLITE,-49.7114,70.0801,44.93,23.27,9.59,0.19
WEHRLITE,-49.7114,70.0801,43.34,27.76,6.72,0.2
WEHRLITE,-49.7114,70.0801,44.15,24.41,8.88,0.21
HARZBURGITE,43.8576,103.073,40.92,38.13,0.12,0.12
HARZBURGITE,44.4354,100.749,42.77,36.94,0.03,0.15
WEHRLITE,69.4,30.0,38.42,27.06,3.08,0.16
HARZBURGITE,12.7165,-90.932,37.81,37.29,0.12,0.14
HARZBURGITE,12.8057,-90.6965,37.04,36.68,0.72,0.16
HARZBURGITE,12.7985,-90.6998,37.45,34.58,1.87,0.14
HARZBURGITE,12.7985,-90.6998,36.17,37.71,0.66,0.13
HARZBURGITE,12.814,-90.6922,36.76,36.5,0.79,0.15
HARZBURGITE,12.814,-90.6922,36.65,36.57,0.96,0.15
WEHRLITE,69.25,88.0,40.0,20.24,6.86,0.18
WEHRLITE,69.25,88.0,39.53,20.81,6.71,0.21
WEHRLITE,63.6,34.8,39.03,30.79,2.66,0.18
LHERZOLITE,63.6,34.8,43.11,28.65,3.58,0.19
DUNITE,28.67,-17.9,37.65,29.18,6.36,0.18
LHERZOLITE,25.72,109.87,47.89,15.8,7.78,0.15
DUNITE,50.7,14.92,33.11,24.37,5.72,0.31
LHERZOLITE,69.3962,30.6087,41.86,17.52,3.29,0.19
LHERZOLITE,69.3962,30.6087,43.47,18.38,5.14,0.19
LHERZOLITE,69.3962,30.6087,42.99,18.12,4.58,0.19
DUNITE,3.0,-78.32,41.88,35.41,4.67,0.18
WEHRLITE,3.0,-78.32,43.03,29.63,7.21,0.19
WEHRLITE,64.3047,29.0505,34.44,30.44,4.84,0.193
WEHRLITE,64.304,29.0531,38.92,32.77,1.07,0.115
WEHRLITE,64.3038,29.0545,40.69,34.2,0.63,0.121
WEHRLITE,64.2753,29.0678,43.17,26.45,5.67,0.172
WEHRLITE,64.2728,29.0764,46.5,21.6,10.8,0.16399999999999998
WEHRLITE,64.2487,29.0291,40.74,32.15,3.44,0.154
WEHRLITE,64.2486,29.0291,41.92,28.91,7.07,0.162
WEHRLITE,64.2486,29.0294,41.56,27.77,7.22,0.21899999999999997
WEHRLITE,64.2484,29.0295,45.37,25.54,11.42,0.179
WEHRLITE,64.2483,29.0303,40.6,28.8,4.55,0.19399999999999998
WEHRLITE,64.2482,29.0305,42.7,26.66,6.09,0.209
WEHRLITE,64.2481,29.0305,42.56,26.21,6.74,0.19899999999999998
WEHRLITE,64.248,29.0306,42.63,26.6,5.89,0.214
WEHRLITE,64.2478,29.0489,40.28,32.26,1.73,0.133
WEHRLITE,64.237,29.0854,36.72,32.3,0.81,0.11800000000000001
WEHRLITE,64.2842,29.0835,36.66,30.35,1.52,0.271
WEHRLITE,64.2371,29.0856,40.0,32.6,2.52,0.168
WEHRLITE,64.2378,29.0841,32.33,31.83,3.88,0.171
WEHRLITE,64.2434,29.0248,35.3,34.9,0.08,0.16699999999999998
WEHRLITE,64.2453,29.0244,38.95,34.29,1.18,0.085
WEHRLITE,64.2469,29.0291,40.77,29.47,4.64,0.191
WEHRLITE,64.2467,29.0411,37.59,36.69,0.53,0.154
WEHRLITE,64.2488,29.0298,40.83,28.25,5.22,0.2
DUNITE,64.2495,29.038,34.08,39.82,0.01,0.135
WEHRLITE,64.2506,29.0525,40.56,32.24,0.99,0.11800000000000001
DUNITE,64.2626,29.0455,37.62,38.97,0.02,0.122
DUNITE,64.2722,29.0462,38.96,37.35,0.21,0.11
DUNITE,64.2724,29.0509,36.0,37.08,0.47,0.196
WEHRLITE,64.2721,29.0594,42.06,31.52,2.14,0.154
WEHRLITE,64.275,29.0612,44.45,29.52,3.57,0.16699999999999998
DUNITE,64.2757,29.0532,39.84,36.7,0.7,0.145
WEHRLITE,64.2773,29.0588,39.83,32.49,2.93,0.168
WEHRLITE,64.2825,29.0546,43.29,26.31,4.92,0.17800000000000002
DUNITE,64.2855,29.0582,38.99,35.78,0.41,0.155
DUNITE,64.2887,29.0617,36.64,37.29,0.02,0.256
DUNITE,64.2913,29.0773,39.37,34.14,2.59,0.14800000000000002
DUNITE,64.2934,29.0698,36.75,37.0,0.04,0.113
DUNITE,64.2581,29.0457,35.8,38.95,0.02,0.132
DUNITE,64.251,29.0969,29.99,36.96,0.03,0.10400000000000001
DUNITE,64.2504,29.0782,37.58,35.57,0.67,0.16
WEHRLITE,64.2532,29.0568,41.03,31.8,4.3,0.166
DUNITE,64.2578,29.0493,37.11,39.66,0.03,0.10099999999999999
WEHRLITE,64.2546,29.0646,42.32,26.49,8.31,0.162
DUNITE,64.2566,29.0618,36.56,37.52,0.56,0.18600000000000003
DUNITE,64.2597,29.0567,34.02,39.26,0.05,0.151
WEHRLITE,64.2654,29.0562,39.47,34.0,0.52,0.195
DUNITE,64.2687,29.0667,37.84,37.48,0.02,0.163
DUNITE,64.2594,29.1007,39.26,36.75,1.29,0.18100000000000002
WEHRLITE,64.26,29.1103,46.7,23.6,9.23,0.18899999999999997
WEHRLITE,64.2621,29.1106,47.7,17.9,14.7,0.215
WEHRLITE,64.2641,29.1149,38.54,35.06,0.23,0.10800000000000001
DUNITE,64.2659,29.093000000000004,38.78,34.91,0.02,0.146
WEHRLITE,64.2704,29.0712,40.75,33.13,0.46,0.129
DUNITE,64.2703,29.0917,36.81,39.1,0.02,0.156
WEHRLITE,64.2725,29.0906,43.45,31.25,2.9,0.179
WEHRLITE,64.2731,29.0762,41.39,27.46,4.42,0.185
WEHRLITE,64.2763,29.0734,38.23,32.24,2.2,0.22699999999999998
WEHRLITE,64.278,29.0765,38.88,32.52,1.12,0.18899999999999997
WEHRLITE,64.2776,29.0933,43.27,29.03,4.22,0.139
DUNITE,64.2747,29.1106,34.31,34.54,0.05,0.111
WEHRLITE,64.2774,29.1116,40.43,32.18,1.6,0.20600000000000002
WEHRLITE,64.2794,29.1178,41.53,29.4,5.23,0.165
DUNITE,64.2823,29.1157,37.03,37.52,0.06,0.149
DUNITE,64.2847,29.1086,35.79,38.2,0.04,0.159
WEHRLITE,64.2822,29.0869,46.2,23.9,9.53,0.153
WEHRLITE,64.2701,29.1086,48.9,17.0,11.9,0.196
WEHRLITE,64.2847,29.0844,47.3,17.9,10.4,0.205
WEHRLITE,64.2495,29.0811,41.52,29.38,3.06,0.2
WEHRLITE,64.2501,29.1086,41.06,30.3,3.02,0.172
WEHRLITE,64.3049,29.0498,39.15,33.02,0.98,0.115
DUNITE,66.5276,29.2508,33.9,33.9,1.89,0.22
DUNITE,72.0,101.0,41.21,46.46,1.46,0.17
DUNITE,72.0,101.0,40.78,45.78,1.31,0.19
DUNITE,72.0,101.0,39.09,44.44,1.07,0.17
WEHRLITE,-33.6472,147.408,47.55,15.38,16.48,0.24
DUNITE,-0.23,-78.05,40.7,45.79,1.07,0.17
WEHRLITE,-0.23,-78.05,47.01,24.22,12.39,0.14
WEHRLITE,-0.23,-78.05,46.9,25.08,11.91,0.14
WEHRLITE,-0.23,-78.05,44.53,30.59,7.51,0.17
WEHRLITE,-0.23,-78.05,42.82,32.76,7.3,0.15
WEHRLITE,-0.23,-78.05,42.96,32.55,6.12,0.16
WEHRLITE,11.5,-12.5,43.22,34.18,3.35,0.2
WEHRLITE,11.5,-12.5,41.48,37.7,2.62,0.21
DUNITE,9.77,-13.45,41.07,41.37,0.1,0.25
WEHRLITE,9.77,-13.45,42.11,33.38,3.07,0.24
WEHRLITE,13.0,-12.0,40.84,28.84,4.59,0.21
LHERZOLITE,13.0,-12.0,38.95,32.67,2.13,0.2
WEHRLITE,52.0,85.5,41.59,34.99,6.94,0.18
DUNITE,52.0,85.5,39.26,30.09,7.33,0.17
WEHRLITE,52.0,85.5,40.69,33.99,6.97,0.18
WEHRLITE,52.0,85.5,39.61,30.72,6.98,0.17
WEHRLITE,52.0,85.5,40.76,31.55,8.12,0.17
WEHRLITE,52.0,85.5,40.33,33.94,5.02,0.18
WEHRLITE,52.0,85.5,40.08,34.45,5.4,0.18
WEHRLITE,52.0,85.5,43.66,24.07,12.5,0.18
LHERZOLITE,35.6,5.4,44.91,39.79,3.01,0.15
LHERZOLITE,35.6,5.4,42.99,46.11,0.82,0.14
LHERZOLITE,35.6,5.4,44.29,43.63,1.88,0.14
LHERZOLITE,35.6,5.4,44.13,41.11,2.8,0.15
LHERZOLITE,35.6,5.4,43.91,44.68,1.44,0.14
LHERZOLITE,35.6,5.4,44.89,41.17,2.43,0.15
LHERZOLITE,35.6,5.4,44.73,40.73,2.61,0.14
WEHRLITE,69.48,30.75,36.81,30.05,2.02,0.19
WEHRLITE,69.48,30.75,36.81,30.05,2.02,0.19
WEHRLITE,69.48,30.75,36.81,30.05,2.02,0.19
PYROXENITE,69.48,30.75,45.93,15.69,15.48,0.2
WEHRLITE,69.48,30.75,36.74,28.86,2.8,0.23
WEHRLITE,28.35,-14.12,48.12,14.4,19.82,0.15
LHERZOLITE,-30.1647,141.67600000000002,38.63,23.86,5.78,0.17
LHERZOLITE,37.67,-1.15,43.11,13.46,14.98,0.11
DUNITE,-28.5,121.5,40.74,48.3,0.51,0.15
DUNITE,-28.5,121.5,40.84,48.43,0.48,0.15
DUNITE,-28.5,121.5,41.53,47.98,0.28,0.16
DUNITE,-28.5,121.5,40.78,49.14,0.3,0.15
DUNITE,-28.5,121.5,41.05,49.05,0.33,0.15
NOT-GIVEN,45.78,3.08,49.41,35.49,2.67,0.16
NOT-GIVEN,45.78,3.08,48.05,34.61,6.26,0.16
NOT-GIVEN,45.78,3.08,43.62,42.61,1.94,0.13
DUNITE,42.0,143.0,40.78,47.49,0.61,0.132
HARZBURGITE,42.0,143.0,43.87,46.65,0.52,0.132
HARZBURGITE,42.0,143.0,43.99,46.36,0.48,0.127
HARZBURGITE,42.0,143.0,43.98,45.46,0.7,0.127
HARZBURGITE,42.0,143.0,43.91,45.88,0.61,0.131
LHERZOLITE,42.0,143.0,44.27,44.6,1.29,0.138
LHERZOLITE,42.0,143.0,43.82,44.36,1.32,0.134
LHERZOLITE,42.0,143.0,44.51,42.47,2.05,0.138
LHERZOLITE,42.0,143.0,44.45,43.41,1.6,0.134
LHERZOLITE,42.0,143.0,44.5,43.04,1.38,0.131
LHERZOLITE,42.0,143.0,44.79,42.7,1.94,0.131
LHERZOLITE,42.0,143.0,44.25,42.47,2.19,0.13699999999999998
PICRITE,69.39,30.83,39.6,29.4,3.03,0.19
LHERZOLITE,42.0,143.0,44.62,42.92,2.0,0.14
DUNITE,42.0,143.0,41.45,49.59,0.07,0.1
LHERZOLITE,42.0,143.0,44.49,38.5,3.68,0.13
LHERZOLITE,42.0,143.0,44.28,41.26,2.34,0.13
LHERZOLITE,42.0,143.0,44.51,39.46,3.31,0.14
LHERZOLITE,42.0,143.0,44.66,39.94,3.0,0.14
LHERZOLITE,42.0,143.0,44.73,41.24,2.92,0.14
LHERZOLITE,42.0,143.0,44.28,41.23,2.75,0.13
LHERZOLITE,42.0,143.0,43.89,45.65,1.41,0.13
LHERZOLITE,42.0,143.0,44.36,43.76,1.75,0.13
LHERZOLITE,42.0,143.0,44.34,43.0,1.63,0.13
LHERZOLITE,42.0,143.0,44.74,42.65,2.31,0.13
LHERZOLITE,42.0,143.0,46.26,33.08,5.63,0.14
LHERZOLITE,42.0,143.0,43.88,38.55,3.58,0.14
LHERZOLITE,42.0,143.0,44.64,39.18,3.42,0.14
LHERZOLITE,42.0,143.0,43.7,38.95,3.05,0.14
HARZBURGITE,42.0,143.0,41.13,48.23,0.82,0.14
DUNITE,42.0,143.0,39.58,47.37,0.64,0.17
HARZBURGITE,42.0,143.0,43.57,46.34,0.72,0.13
LHERZOLITE,42.0,143.0,44.44,39.9,2.96,0.14
LHERZOLITE,42.0,143.0,44.21,41.64,2.75,0.14
LHERZOLITE,42.0,143.0,44.87,39.2,3.36,0.14
LHERZOLITE,42.0,143.0,44.46,44.02,1.77,0.13
LHERZOLITE,42.0,143.0,44.67,44.52,1.15,0.13
LHERZOLITE,42.0,143.0,44.13,44.16,1.72,0.13
LHERZOLITE,42.0,143.0,43.49,44.36,1.59,0.13
LHERZOLITE,42.0,143.0,44.2,43.68,1.93,0.13
LHERZOLITE,42.0,143.0,44.53,41.97,2.35,0.14
LHERZOLITE,42.0,143.0,44.4,44.22,1.92,0.13
LHERZOLITE,42.0,143.0,44.81,44.69,1.36,0.13
HARZBURGITE,42.0,143.0,43.93,44.86,1.22,0.13
LHERZOLITE,42.0,143.0,44.8,43.52,2.66,0.13
LHERZOLITE,42.0,143.0,44.71,43.39,2.03,0.13
LHERZOLITE,42.0,143.0,43.47,45.84,1.22,0.13
LHERZOLITE,42.0,143.0,43.17,44.23,1.79,0.13
LHERZOLITE,42.0,143.0,44.18,43.41,2.36,0.13
LHERZOLITE,42.0,143.0,44.64,40.91,2.97,0.13
LHERZOLITE,42.0,143.0,43.95,40.8,3.2,0.13
LHERZOLITE,42.0,143.0,45.26,38.42,3.77,0.13
HARZBURGITE,42.0,143.0,44.12,48.38,0.3,0.13
HARZBURGITE,42.0,143.0,42.5,48.38,0.59,0.13
HARZBURGITE,42.0,143.0,44.18,47.71,0.52,0.12
LHERZOLITE,42.0,143.0,46.5,43.19,1.46,0.12
LHERZOLITE,42.0,143.0,44.91,39.27,4.11,0.14
LHERZOLITE,42.0,143.0,44.73,40.38,3.14,0.13
LHERZOLITE,42.0,143.0,44.91,39.79,3.46,0.14
LHERZOLITE,42.0,143.0,44.93,41.5,3.15,0.13
LHERZOLITE,42.0,143.0,44.54,41.17,2.78,0.13
HARZBURGITE,42.0,143.0,43.99,46.2,0.59,0.12
LHERZOLITE,42.0,143.0,44.93,39.55,3.44,0.14
LHERZOLITE,42.0,143.0,44.08,42.77,2.38,0.13
LHERZOLITE,42.0,143.0,44.01,43.14,2.15,0.13
HARZBURGITE,42.0,143.0,44.23,46.52,1.13,0.12
LHERZOLITE,42.0,143.0,44.39,43.14,2.06,0.13
LHERZOLITE,42.0,143.0,43.93,43.25,2.64,0.13
LHERZOLITE,42.0,143.0,42.74,27.1,4.0,0.16
LHERZOLITE,42.0,143.0,42.43,30.38,3.16,0.16
LHERZOLITE,42.0,143.0,41.84,25.75,6.12,0.1
LHERZOLITE,42.0,143.0,44.24,26.56,6.37,0.09
LHERZOLITE,42.0,143.0,43.37,25.93,5.52,0.12
LHERZOLITE,42.0,143.0,42.69,25.06,6.66,0.11
LHERZOLITE,42.0,143.0,44.28,26.21,5.38,0.18
LHERZOLITE,42.0,143.0,42.94,25.94,5.48,0.12
LHERZOLITE,42.0,143.0,41.84,25.73,5.43,0.14
LHERZOLITE,42.0,143.0,45.14,25.41,7.8,0.13
LHERZOLITE,42.0,143.0,45.04,28.24,5.7,0.1
LHERZOLITE,42.0,143.0,44.73,28.74,5.56,0.11
LHERZOLITE,42.0,143.0,42.5,38.25,4.16,0.16
LHERZOLITE,42.0,143.0,40.79,41.65,3.07,0.16
LHERZOLITE,42.0,143.0,41.53,40.5,3.04,0.15
LHERZOLITE,42.0,143.0,40.24,40.59,3.15,0.15
LHERZOLITE,42.0,143.0,42.81,40.46,3.36,0.15
LHERZOLITE,42.0,143.0,42.88,39.45,3.39,0.15
LHERZOLITE,42.0,143.0,41.16,41.9,2.96,0.15
LHERZOLITE,42.0,143.0,43.56,39.67,3.69,0.15
LHERZOLITE,42.0,143.0,41.24,42.97,2.73,0.15
LHERZOLITE,42.0,143.0,40.74,43.56,2.22,0.15
LHERZOLITE,42.0,143.0,43.15,41.73,3.03,0.14
LHERZOLITE,42.0,143.0,41.8,43.28,2.21,0.15
LHERZOLITE,42.0,143.0,42.48,42.65,2.77,0.15
LHERZOLITE,42.0,143.0,41.03,43.9,1.99,0.15
LHERZOLITE,42.0,143.0,41.26,43.6,2.14,0.14
LHERZOLITE,42.0,143.0,40.92,45.58,1.48,0.15
LHERZOLITE,42.0,143.0,41.61,44.6,2.18,0.15
LHERZOLITE,42.0,143.0,40.63,43.94,2.25,0.15
LHERZOLITE,42.0,143.0,40.91,46.74,0.93,0.14
LHERZOLITE,42.0,143.0,41.09,47.37,1.17,0.14
HARZBURGITE,42.0,143.0,40.79,48.09,1.05,0.14
LHERZOLITE,42.0,143.0,41.42,40.34,3.07,0.16
LHERZOLITE,42.0,143.0,41.33,38.82,3.69,0.15
LHERZOLITE,42.0,143.0,42.51,38.58,3.11,0.15
LHERZOLITE,42.0,143.0,41.63,41.25,2.74,0.15
LHERZOLITE,42.0,143.0,43.99,38.48,3.86,0.15
LHERZOLITE,42.0,143.0,41.76,43.17,2.45,0.15
LHERZOLITE,42.0,143.0,41.99,41.58,2.81,0.15
LHERZOLITE,42.0,143.0,39.92,43.01,2.52,0.15
LHERZOLITE,42.0,143.0,39.49,48.21,0.74,0.14
LHERZOLITE,42.0,143.0,41.36,43.35,2.66,0.15
LHERZOLITE,42.0,143.0,41.95,44.43,1.94,0.15
LHERZOLITE,42.0,143.0,40.04,44.01,2.05,0.15
LHERZOLITE,42.0,143.0,40.86,44.84,2.04,0.15
LHERZOLITE,42.0,143.0,40.9,45.29,1.82,0.15
LHERZOLITE,42.0,143.0,40.72,44.99,1.93,0.15
LHERZOLITE,42.0,143.0,41.21,44.94,1.84,0.15
LHERZOLITE,42.0,143.0,40.82,47.59,1.09,0.14
LHERZOLITE,42.0,143.0,42.41,42.77,2.38,0.14
LHERZOLITE,42.0,143.0,40.7,47.11,0.87,0.15
LHERZOLITE,42.0,143.0,39.35,47.82,0.37,0.14
LHERZOLITE,42.0,143.0,41.96,47.38,0.93,0.14
HARZBURGITE,42.0,143.0,40.46,47.59,0.85,0.14
HARZBURGITE,42.0,143.0,36.78,50.43,0.38,0.14
HARZBURGITE,42.0,143.0,37.2,48.41,0.6,0.16
HARZBURGITE,42.0,143.0,39.78,46.64,0.85,0.15
HARZBURGITE,42.0,143.0,39.41,47.78,0.53,0.15
HARZBURGITE,42.0,143.0,39.97,47.21,0.63,0.15
HARZBURGITE,42.0,143.0,39.78,47.89,0.56,0.15
HARZBURGITE,42.0,143.0,38.84,49.44,0.35,0.13
HARZBURGITE,42.0,143.0,40.62,48.15,0.38,0.13
DUNITE,42.0,143.0,38.71,45.58,2.18,0.18
LHERZOLITE,42.0,143.0,41.68,40.23,3.74,0.15
LHERZOLITE,42.0,143.0,40.26,42.29,2.85,0.15
LHERZOLITE,42.0,143.0,43.36,39.31,3.97,0.15
DUNITE,42.0,143.0,46.8,15.9,14.71,0.09
DUNITE,42.0,143.0,46.35,12.97,15.85,0.07
DUNITE,42.0,143.0,45.54,20.36,12.67,0.09
DUNITE,42.0,143.0,44.34,19.65,11.5,0.1
DUNITE,42.0,143.0,45.46,23.34,10.8,0.1
DUNITE,42.0,143.0,44.28,18.74,12.9,0.08
DUNITE,42.0,143.0,48.49,13.12,18.33,0.06
DUNITE,42.0,143.0,44.75,12.72,15.36,0.06
DUNITE,42.0,143.0,44.16,27.44,9.8,0.11
DUNITE,42.0,143.0,45.25,18.01,11.03,0.12
DUNITE,42.0,143.0,46.59,17.12,13.25,0.11
DUNITE,42.0,143.0,43.82,12.82,15.24,0.08
DUNITE,42.0,143.0,45.45,11.2,17.26,0.06
LHERZOLITE,42.0,143.0,43.87,37.8,3.39,0.13
LHERZOLITE,42.0,143.0,44.22,42.23,2.02,0.13
LHERZOLITE,42.0,143.0,42.27,46.34,0.54,0.13
HARZBURGITE,42.0,143.0,42.61,45.94,0.33,0.12
LHERZOLITE,42.0,143.0,43.22,43.42,1.63,0.13
WEHRLITE,-21.23,55.68,45.74,23.78,13.62,0.158
DUNITE,58.75,125.3,40.52,49.0,0.2,0.21
LHERZOLITE,42.0,143.0,44.96,39.49,3.19,0.13
LHERZOLITE,42.0,143.0,44.85,40.47,3.08,0.13
HARZBURGITE,42.0,143.0,43.53,46.01,0.69,0.12
HARZBURGITE,42.0,143.0,43.81,46.53,0.6,0.12
HARZBURGITE,42.0,143.0,44.45,46.41,0.7,0.12
LHERZOLITE,42.0,143.0,44.37,45.54,0.93,0.12
LHERZOLITE,42.0,143.0,45.09,43.4,1.78,0.13
LHERZOLITE,42.0,143.0,44.85,41.99,2.25,0.13
LHERZOLITE,42.0,143.0,44.6,40.25,2.96,0.14
LHERZOLITE,42.0,143.0,43.95,45.97,0.94,0.12
HARZBURGITE,42.0,143.0,43.92,47.17,0.53,0.12
LHERZOLITE,42.0,143.0,45.12,38.7,3.63,0.14
LHERZOLITE,42.0,143.0,44.53,40.58,2.12,0.13
LHERZOLITE,42.0,143.0,46.31,36.57,3.41,0.15
DUNITE,42.0,143.0,39.67,48.71,0.21,0.11
DUNITE,42.0,143.0,39.99,47.8,0.64,0.1
DUNITE,42.0,143.0,42.47,45.88,0.64,0.1
HARZBURGITE,55.0,161.0,43.1,43.46,0.16,0.11
HARZBURGITE,55.0,161.0,38.27,40.73,0.15,0.1
HARZBURGITE,55.0,161.0,39.94,39.49,0.17,0.09
HARZBURGITE,55.0,161.0,35.97,40.57,0.15,0.08
HARZBURGITE,55.0,161.0,42.13,37.59,0.21,0.05
HARZBURGITE,55.0,161.0,36.87,40.66,0.14,0.11
DUNITE,53.255,158.83,43.4,45.49,0.8,0.12
WEHRLITE,53.255,158.83,44.1,31.49,9.65,0.3
DUNITE,-46.53,168.23,38.7,41.53,1.21,0.19
DUNITE,-46.53,168.23,37.37,44.03,0.38,0.18
LHERZOLITE,42.0,143.0,41.93,25.91,6.21,0.09
LHERZOLITE,42.0,143.0,44.28,26.25,6.17,0.09
LHERZOLITE,42.0,143.0,44.2,24.33,7.41,0.09
LHERZOLITE,42.0,143.0,47.08,25.27,7.84,0.19
DUNITE,-2.52,121.37,41.35,47.9,0.27,0.13
HARZBURGITE,-2.52,121.37,44.3,43.0,1.9,0.13
LHERZOLITE,-2.52,121.37,43.5,38.0,2.1,0.13
DUNITE,19.75,-155.88299999999998,39.33,44.9,0.18,0.19
DUNITE,21.3833,-157.65,38.78,43.46,0.05,0.19
DUNITE,40.625,-106.75,36.5,29.2,2.62,0.24
DUNITE,19.75,-155.86700000000002,41.55,39.1,3.26,0.18
DUNITE,19.75,-155.86700000000002,39.92,46.06,0.07,0.16
DUNITE,19.75,-155.86700000000002,39.44,45.22,0.08,0.18
DUNITE,19.75,-155.86700000000002,40.31,45.07,0.64,0.17
DUNITE,40.625,-106.75,36.6,28.3,2.41,0.25
DUNITE,44.35,-118.936,35.5,41.6,0.35,0.1
DUNITE,44.35,-118.936,35.5,41.6,0.25,0.09
DUNITE,44.35,-118.936,35.1,42.8,0.7,0.1
DUNITE,44.3608,-118.927,38.8,38.8,0.5,0.1
DUNITE,63.0,-144.0,38.8,43.5,0.33299999999999996,0.21899999999999997
DUNITE,65.9167,-152.2,38.4,43.1,0.88,0.17
DUNITE,65.9667,-151.86700000000002,37.9,45.4,0.11,0.13
DUNITE,65.9667,-151.85,36.5,43.2,0.32,0.16
DUNITE,65.9667,-151.85,37.4,43.0,0.08,0.14
DUNITE,66.4167,-150.667,38.8,46.4,0.12,0.14
HARZBURGITE,65.8833,-152.38299999999998,42.0,39.4,1.95,0.13
HARZBURGITE,66.55,-151.583,39.8,38.9,2.0,0.12
HARZBURGITE,66.55,-151.88299999999998,41.7,39.0,2.86,0.14
HARZBURGITE,66.0333,-151.667,42.7,40.7,2.07,0.13
HARZBURGITE,66.0333,-151.667,41.8,39.7,2.21,0.13
HARZBURGITE,66.0,-151.75,41.7,38.9,2.09,0.12
HARZBURGITE,66.1,-151.483,41.9,40.3,1.76,0.14
HARZBURGITE,66.4,-150.6,41.7,40.8,1.72,0.13
DUNITE,64.2,-156.6,37.9,43.9,0.13,0.16
DUNITE,64.2167,-156.667,37.8,44.1,0.11,0.15
HARZBURGITE,64.2167,-156.63299999999998,40.7,41.7,1.37,0.12
HARZBURGITE,64.1833,-156.767,39.7,41.3,0.46,0.12
HARZBURGITE,64.2,-156.717,41.9,41.0,1.21,0.12
WEHRLITE,64.2333,-156.583,38.0,38.3,1.7,0.18
LHERZOLITE,64.3,-156.38299999999998,38.6,34.5,2.37,0.28
WEHRLITE,64.3333,-156.233,38.2,38.2,1.84,0.18
DUNITE,63.2167,-156.967,37.5,38.7,1.29,0.2
HARZBURGITE,63.2167,-156.967,39.6,38.3,1.65,0.13
HARZBURGITE,63.2167,-156.967,40.9,40.6,1.49,0.13
WEHRLITE,63.2167,-156.967,39.8,40.8,2.82,0.17
WEHRLITE,65.6389,-144.036,40.4,29.6,3.76,0.25
WEHRLITE,62.0833,-148.0,46.0,28.4,11.5,0.14
DUNITE,44.75,-72.5333,39.1,43.9,0.03,0.17
DUNITE,52.5,135.0,39.7,47.8,0.51,0.2
DUNITE,58.5,125.5,39.1,47.9,0.54,0.17
DUNITE,52.0,136.0,39.3,48.0,0.35,0.17
WEHRLITE,65.9125,-148.007,43.4,24.8,6.85,0.26
DUNITE,68.2586,-161.05,39.1,45.7,0.5,0.12
WEHRLITE,68.26,-161.05200000000002,48.1,23.8,15.1,0.13
WEHRLITE,68.2603,-161.053,39.4,38.0,4.5,0.18
DUNITE,68.2756,-161.06799999999998,25.2,29.3,0.1,0.1
DUNITE,68.3183,-160.759,33.8,41.6,0.2,0.09
DUNITE,68.3183,-160.759,32.9,35.8,0.04,0.09
DUNITE,68.3194,-160.76,31.0,39.8,0.16,0.08
DUNITE,68.3217,-160.754,31.5,37.1,0.12,0.13
DUNITE,68.3222,-160.753,36.9,44.7,0.21,0.1
DUNITE,68.3233,-160.749,37.8,47.1,0.27,0.08
DUNITE,68.3261,-160.738,34.2,41.9,0.09,0.08
WEHRLITE,68.3278,-160.724,47.3,17.8,17.2,0.18
WEHRLITE,68.3039,-161.835,45.3,21.0,9.4,0.17
WEHRLITE,68.2967,-161.866,43.6,45.5,0.69,0.12
WEHRLITE,68.2556,-161.7,41.4,34.1,6.9,0.15
DUNITE,68.2456,-161.733,35.5,44.0,0.34,0.13
WEHRLITE,68.2439,-161.743,40.0,33.5,7.0,0.16
DUNITE,68.2439,-161.743,35.7,43.2,0.28,0.17
DUNITE,68.2461,-161.752,9.8,19.2,0.63,0.11
WEHRLITE,68.2483,-161.86700000000002,42.0,34.0,8.4,0.13
DUNITE,68.2394,-161.863,35.7,42.6,0.45,0.14
DUNITE,68.2378,-161.864,33.4,38.1,0.63,0.13
DUNITE,68.2389,-161.881,14.5,24.3,0.07,0.09
DUNITE,68.2394,-161.886,37.0,47.2,0.15,0.11
DUNITE,68.2394,-161.886,35.2,42.4,0.04,0.13
DUNITE,68.2333,-161.901,37.6,45.0,0.14,0.16
DUNITE,68.2561,-161.912,33.0,38.0,1.2,0.12
WEHRLITE,68.2589,-161.905,37.0,34.9,4.8,0.13
DUNITE,68.2639,-161.054,48.8,21.5,17.7,0.11
DUNITE,68.2639,-161.054,38.1,45.4,0.5,0.15
DUNITE,68.2639,-161.054,38.1,45.1,0.43,0.15
DUNITE,68.2639,-161.054,38.3,46.1,0.42,0.15
DUNITE,68.2639,-161.054,44.7,34.8,9.41,0.13
DUNITE,68.2667,-161.058,39.5,41.4,2.9,0.16
DUNITE,68.2667,-161.058,48.1,23.6,16.7,0.13
DUNITE,68.2667,-161.058,33.8,40.6,0.03,0.12
HARZBURGITE,60.2772,-161.065,40.0,40.2,0.81,0.12
HARZBURGITE,68.2772,-161.065,40.5,41.4,0.95,0.12
WEHRLITE,68.2606,-161.048,46.5,10.2,15.9,0.13
WEHRLITE,68.2606,-161.048,39.6,45.9,0.59,0.18
DUNITE,68.2606,-161.048,39.7,45.8,0.74,0.18
WEHRLITE,68.2606,-161.048,38.5,42.7,1.32,0.19
WEHRLITE,68.2367,-161.011,39.9,28.8,7.25,0.15
WEHRLITE,68.2294,-161.004,43.2,25.7,11.4,0.16
WEHRLITE,68.2283,-161.836,36.2,34.8,2.7,0.18
WEHRLITE,68.3033,-160.769,42.0,26.5,9.72,0.15
WEHRLITE,68.3033,-160.769,43.4,9.89,18.1,0.08
DUNITE,68.3061,-160.767,34.9,40.9,0.3,0.18
DUNITE,68.3083,-160.767,29.7,35.9,0.16,0.15
DUNITE,68.3122,-160.766,34.3,40.2,0.99,0.14
WEHRLITE,68.3233,-160.746,42.8,27.3,8.1,0.22
DUNITE,68.3233,-160.746,31.9,39.3,0.12,0.13
WEHRLITE,68.3244,-160.743,39.2,38.9,4.17,0.15
WEHRLITE,68.3244,-160.743,39.0,41.5,1.17,0.15
HARZBURGITE,68.3264,-160.762,40.1,37.5,1.71,0.12
HARZBURGITE,68.3264,-160.762,40.6,38.6,1.88,0.12
HARZBURGITE,68.3264,-160.762,38.3,37.8,0.62,0.13
HARZBURGITE,68.3264,-160.762,40.5,39.3,0.78,0.13
DUNITE,68.2572,-161.705,40.2,40.2,4.42,0.14
DUNITE,68.2583,-161.70600000000002,36.1,40.4,1.69,0.15
DUNITE,68.2606,-161.70600000000002,42.6,8.48,16.6,0.1
DUNITE,68.2617,-161.708,50.2,20.4,20.1,0.09
DUNITE,68.2628,-161.71,48.1,20.3,18.2,0.13
DUNITE,68.2628,-161.71,37.8,43.7,0.42,0.21
DUNITE,68.2667,-161.727,51.1,16.9,23.0,0.1
DUNITE,68.2683,-161.735,48.0,7.97,8.88,0.17
DUNITE,68.265,-161.841,33.8,5.97,25.0,0.4
DUNITE,68.27,-161.83700000000002,48.5,3.38,8.7,0.31
DUNITE,68.2667,-161.839,40.0,6.66,23.0,0.22
DUNITE,68.2667,-161.839,5.33,0.73,51.4,0.15
DUNITE,68.2667,-161.839,51.4,2.36,9.04,0.09
WEHRLITE,68.3278,-160.733,37.9,37.4,0.19,0.15
DUNITE,68.3278,-160.733,37.6,41.5,1.23,0.18
WEHRLITE,68.3278,-160.733,39.0,37.5,4.52,0.15
WEHRLITE,68.3278,-160.733,43.0,17.6,14.0,0.13
DUNITE,68.3278,-160.733,35.2,40.7,0.13,0.1
WEHRLITE,68.3278,-160.733,37.0,24.3,6.36,0.25
DUNITE,68.1111,-162.10299999999998,35.3,40.6,0.12,0.13
DUNITE,68.1194,-162.083,35.6,41.9,0.13,0.12
DUNITE,68.1778,-162.125,37.6,41.5,0.14,0.11
DUNITE,68.1806,-162.119,35.6,41.4,0.09,0.13
DUNITE,68.1944,-162.00799999999998,36.3,44.4,0.21,0.13
DUNITE,68.1889,-162.014,31.9,39.3,0.12,0.15
DUNITE,68.1806,-162.011,34.1,40.9,0.32,0.16
WEHRLITE,68.2444,-161.733,37.0,39.8,1.39,0.17
DUNITE,68.2444,-161.733,35.1,40.6,0.24,0.14
LHERZOLITE,68.2556,-161.85,39.8,41.0,0.84,0.12
LHERZOLITE,68.2639,-161.844,39.0,39.1,0.64,0.11
LHERZOLITE,68.2639,-161.844,39.9,41.5,0.91,0.12
WEHRLITE,68.3167,-158.41299999999998,47.4,10.0,14.9,0.16
WEHRLITE,68.3278,-158.4,46.1,27.8,13.1,0.15
DUNITE,58.8833,-137.7,40.5,44.4,1.4,0.16
DUNITE,58.8833,-137.7,38.8,43.8,0.7,0.16
DUNITE,58.9519,-161.743,37.1,42.6,0.67,0.11
DUNITE,58.9497,-161.746,36.6,42.9,0.26,0.11
DUNITE,58.9497,-161.746,48.9,17.3,19.2,0.11
DUNITE,58.9481,-161.75,37.4,43.7,0.22,0.11
DUNITE,58.9472,-161.752,38.1,40.8,0.45,0.16
DUNITE,58.9461,-161.754,37.1,43.4,0.29,0.11
DUNITE,58.9461,-161.754,37.8,37.6,1.6,0.22
DUNITE,58.9439,-161.756,37.8,44.4,0.35,0.11
DUNITE,58.9414,-161.75799999999998,37.7,42.7,0.26,0.19
DUNITE,58.9389,-161.759,37.8,43.9,0.26,0.11
DUNITE,58.9372,-161.764,38.1,44.0,0.29,0.11
DUNITE,58.9239,-161.784,39.4,34.0,3.6,0.22
DUNITE,58.9289,-161.784,37.8,42.1,0.83,0.11
DUNITE,58.9289,-161.784,43.7,9.1,11.8,0.16
DUNITE,58.9361,-161.783,51.4,20.2,20.2,0.08
DUNITE,58.7011,-161.851,37.4,36.8,0.12,0.11
DUNITE,58.9728,-161.734,35.1,39.6,0.93,0.11
DUNITE,58.9522,-161.72799999999998,37.1,42.9,0.19,0.23
DUNITE,58.9519,-161.72299999999998,37.7,43.0,0.09,0.31
DUNITE,58.9392,-161.753,37.1,42.8,0.12,0.26
DUNITE,58.9378,-161.749,36.6,43.4,0.09,0.23
DUNITE,58.9364,-161.744,37.1,42.9,0.32,0.26
DUNITE,58.935,-161.74,36.6,42.4,0.12,0.23
DUNITE,58.9161,-161.774,39.0,36.8,2.6,0.26
DUNITE,58.9522,-161.738,37.7,41.6,0.06,0.18
DUNITE,58.9522,-161.733,37.7,41.2,0.51,0.23
DUNITE,59.0,-161.625,36.1,40.5,0.32,0.26
DUNITE,58.9744,-161.72799999999998,37.4,42.8,0.38,0.26
DUNITE,58.9742,-161.72299999999998,36.6,42.3,0.06,0.23
DUNITE,58.9739,-161.731,36.7,43.2,0.34,0.21
DUNITE,58.9364,-161.731,35.9,38.3,0.31,0.21
DUNITE,58.9567,-161.716,38.1,43.1,0.43,0.21
DUNITE,58.9558,-161.713,37.0,41.3,0.71,0.21
DUNITE,58.9519,-161.705,37.4,43.5,0.34,0.18
DUNITE,58.6636,-162.019,40.0,32.5,1.3,0.18
HARZBURGITE,42.2194,-123.971,43.4,45.3,0.91,0.14
DUNITE,42.2194,-123.971,39.9,47.3,0.17,0.13
DUNITE,42.2194,-123.971,39.8,49.1,0.08,0.11
DUNITE,42.2194,-123.971,39.9,48.5,0.18,0.12
HARZBURGITE,42.2194,-123.971,43.6,44.0,0.95,0.13
HARZBURGITE,42.2194,-123.971,43.4,42.8,0.94,0.14
HARZBURGITE,42.2194,-123.971,41.6,44.9,0.56,0.11
DUNITE,42.2194,-123.971,38.7,46.3,0.25,0.11
HARZBURGITE,42.2194,-123.971,41.7,45.4,0.8,0.12
DUNITE,42.2194,-123.971,39.3,44.8,1.5,0.15
DUNITE,42.2194,-123.971,36.7,47.3,0.09,0.1
DUNITE,42.2194,-123.971,39.6,47.4,0.3,0.14
DUNITE,61.75,-145.75,37.9,44.4,0.21,0.09
DUNITE,61.75,-145.75,39.3,45.1,0.45,0.09
DUNITE,61.75,-145.75,39.4,44.7,0.21,0.06
DUNITE,61.75,-145.75,41.4,43.5,1.0,0.07
DUNITE,61.75,-145.75,32.2,40.1,0.34,0.15
DUNITE,61.75,-145.75,33.1,41.4,0.13,0.12
DUNITE,61.75,-145.75,38.6,45.1,0.26,0.04
DUNITE,61.75,-145.75,43.4,43.4,0.73,0.07
DUNITE,61.75,-145.75,52.3,20.9,15.8,0.13
DUNITE,33.25,-110.5,40.1,43.2,1.2,0.17
DUNITE,31.75,-107.0,44.1,46.4,0.69,0.15
DUNITE,57.8833,-153.7,34.1,38.4,1.4,0.14
DUNITE,57.3333,-154.75,41.6,34.8,0.61,0.14
DUNITE,64.5,-145.0,43.1,42.9,1.2,0.1
DUNITE,64.5,-145.0,39.2,41.1,0.7,0.11
DUNITE,56.0833,-132.833,39.6,41.9,1.5,0.22
DUNITE,56.0833,-132.833,35.2,40.8,0.6,0.18
DUNITE,56.0833,-132.833,35.7,42.5,0.8,0.18
DUNITE,56.0833,-132.833,36.1,42.6,0.7,0.18
DUNITE,56.0833,-132.833,35.8,43.3,0.15,0.14
DUNITE,56.0833,-132.833,35.0,41.7,0.15,0.14
DUNITE,56.0833,-132.833,35.1,41.5,0.2,0.19
DUNITE,56.0833,-132.833,37.7,43.5,0.15,0.16
DUNITE,56.0833,-132.833,37.6,46.2,0.88,0.17
DUNITE,56.0833,-132.833,35.8,42.6,1.0,0.16
DUNITE,56.0833,-132.833,35.7,42.7,0.2,0.16
DUNITE,56.0833,-132.833,35.2,42.7,0.15,0.15
DUNITE,56.0833,-132.833,37.4,45.5,1.9,0.17
DUNITE,56.0833,-132.833,35.2,42.4,0.63,0.18
DUNITE,58.9372,-161.768,37.1,45.0,0.32,0.13
DUNITE,58.9389,-161.77100000000002,36.6,43.5,0.45,0.12
DUNITE,58.9422,-161.773,36.6,44.8,0.24,0.11
DUNITE,58.9522,-161.744,36.7,43.5,0.24,0.16
DUNITE,58.9533,-161.76,35.9,43.5,0.26,0.13
DUNITE,58.9533,-161.76,37.3,43.9,0.3,0.15
DUNITE,58.9533,-161.76,36.2,45.6,0.24,0.14
DUNITE,58.95,-161.75,39.0,42.0,2.1,0.15
DUNITE,58.9255,-161.773,36.9,45.6,0.27,0.11
DUNITE,58.9255,-161.773,36.6,45.6,0.19,0.13
DUNITE,58.9255,-161.773,37.5,42.9,0.2,0.13
DUNITE,58.9267,-161.764,35.5,40.8,0.26,0.12
DUNITE,58.9244,-161.753,36.3,40.8,0.14,0.11
DUNITE,58.95,-161.75,36.6,43.2,0.19,0.13
DUNITE,58.9244,-161.753,37.8,38.4,2.1,0.15
DUNITE,58.95,-161.75,36.7,43.5,0.14,0.12
DUNITE,58.95,-161.75,38.0,41.7,2.1,0.09
DUNITE,58.95,-161.75,36.7,44.1,0.2,0.12
DUNITE,58.95,-161.75,36.4,45.6,0.24,0.14
DUNITE,58.95,-161.75,36.7,44.4,0.02,0.12
DUNITE,58.95,-161.75,35.2,43.5,0.44,0.11
DUNITE,58.95,-161.75,36.4,43.5,0.48,0.13
DUNITE,58.95,-161.75,35.3,42.6,0.6,0.13
DUNITE,34.8667,-120.617,33.1,38.2,0.3,0.16
HARZBURGITE,37.2083,-119.265,45.2,41.5,0.8,0.09
HARZBURGITE,37.2083,-119.265,46.1,39.2,1.2,0.11
DUNITE,38.5,-116.0,39.9,44.2,0.75,0.14
DUNITE,38.5,-116.0,43.2,46.4,0.52,0.12
DUNITE,38.5,-116.0,40.8,46.9,0.58,0.15
DUNITE,38.5,-116.0,40.3,46.0,0.31,0.16
DUNITE,-5.0,35.0,39.5,40.1,0.06,0.18
LHERZOLITE,60.25,-166.05,44.2,40.7,3.6,0.16
DUNITE,35.5,-111.5,40.2,46.0,0.14,0.147
DUNITE,62.7833,-151.517,48.5,4.7,23.0,0.13
DUNITE,62.7833,-151.517,40.6,49.2,0.19,0.06
DUNITE,62.7167,-151.767,41.6,42.2,2.8,0.08
HARZBURGITE,35.9708,-82.2917,43.8,45.1,0.38,0.11599999999999999
HARZBURGITE,35.9708,-82.2917,43.9,45.9,0.14,0.11
DUNITE,35.2,-112.21700000000001,39.2,45.1,0.16,0.151
DUNITE,37.2117,-119.262,41.1,49.1,0.2,0.11
DUNITE,68.35,-158.45,35.2,44.2,0.19,0.354
DUNITE,68.2667,-161.167,43.1,45.4,0.28,0.14
DUNITE,37.4167,-121.417,35.2,41.7,0.2,0.133
DUNITE,37.4167,-121.43299999999999,37.4,40.1,0.81,0.138
DUNITE,37.4167,-121.46700000000001,38.5,43.4,0.01,0.11699999999999999
DUNITE,68.3333,-158.35,38.11,45.02,0.26,0.122
DUNITE,42.3,-123.883,40.4,33.2,6.0,0.2
DUNITE,42.3,-123.883,42.7,29.0,5.24,0.19
DUNITE,42.3,-123.883,42.5,36.0,0.19,0.17
DUNITE,41.7667,-123.95,35.6,28.1,3.88,0.31
DUNITE,41.7667,-123.95,36.3,34.7,0.2,0.26
HARZBURGITE,61.5667,-145.15,42.7,43.2,1.04,0.12
WEHRLITE,61.5833,-145.0,40.8,36.6,3.44,0.16
DUNITE,61.5833,-144.983,41.7,33.1,6.42,0.2
DUNITE,61.5833,-145.11700000000002,38.2,46.1,0.12,0.13
DUNITE,61.5833,-145.11700000000002,45.7,9.9,15.7,0.13
DUNITE,61.5667,-145.15,40.4,43.6,0.44,0.12
DUNITE,61.5833,-145.15,38.4,46.8,0.12,0.14
DUNITE,61.5833,-144.983,37.6,41.8,0.22,0.16
WEHRLITE,61.5833,-144.983,43.0,33.6,7.98,0.2
WEHRLITE,61.5833,-145.0,40.5,39.0,2.6,0.22
DUNITE,61.5725,-145.123,37.7,45.6,0.04,0.13
DUNITE,61.5806,-145.156,38.9,46.9,0.12,0.14
DUNITE,56.9833,-133.11700000000002,40.1,45.7,1.1,0.17
WEHRLITE,56.9833,-133.11700000000002,42.7,36.3,6.54,0.2
WEHRLITE,56.9833,-133.11700000000002,51.7,21.5,19.8,0.11
DUNITE,56.9833,-133.11700000000002,39.6,44.3,1.28,0.18
WEHRLITE,56.9833,-133.11700000000002,42.1,39.8,4.72,0.17
DUNITE,56.9833,-133.11700000000002,40.1,46.8,0.26,0.14
WEHRLITE,66.05,-151.6,40.8,27.9,5.3,0.19
LHERZOLITE,66.2167,-151.317,43.5,25.7,6.88,0.23
WEHRLITE,66.2,-151.15,41.6,28.2,5.8,0.2
WEHRLITE,66.2167,-151.15,44.4,27.6,9.74,0.19
DUNITE,56.1167,-132.88299999999998,35.6,43.2,0.23,0.17
DUNITE,56.1167,-132.88299999999998,38.5,43.2,1.75,0.19
WEHRLITE,56.1167,-132.88299999999998,37.3,38.5,2.81,0.19
DUNITE,55.0881,-131.562,35.9,44.3,0.2,0.14
DUNITE,55.1056,-131.569,36.4,41.5,1.03,0.18
DUNITE,55.7667,-132.083,38.3,44.6,0.24,0.26
DUNITE,55.7667,-132.083,38.2,45.8,0.25,0.19
WEHRLITE,55.7667,-132.083,39.0,41.7,2.34,0.2
DUNITE,59.1008,-134.805,43.6,44.6,0.89,0.14
DUNITE,55.0911,-131.57399999999998,37.7,44.0,0.22,0.17
DUNITE,19.8,-155.833,40.1,43.3,0.87,0.21
DUNITE,19.8,-155.833,40.3,46.9,0.25,0.17
DUNITE,19.8,-155.833,40.0,47.1,0.32,0.16
DUNITE,19.8,-155.833,39.8,44.2,0.3,0.22
DUNITE,69.0,89.0,37.9,46.1,0.38,0.19
DUNITE,69.0,89.0,38.0,46.4,0.43,0.19
DUNITE,69.0,89.0,39.2,47.4,0.37,0.2
DUNITE,66.0,-148.0,39.2,35.6,3.9,0.19
DUNITE,66.0,-148.0,39.3,46.7,0.27,0.14
DUNITE,65.5,-148.0,38.5,46.7,0.15,0.14
DUNITE,65.5,-148.0,37.2,42.1,0.09,0.18
DUNITE,65.5,-148.0,36.4,40.3,0.1,0.19
DUNITE,61.4833,-149.15,38.1,34.4,3.2,0.24
DUNITE,61.4583,-149.25,35.7,41.3,0.6,0.22
DUNITE,61.4833,-149.2,39.1,43.2,1.3,0.27
DUNITE,61.4833,-149.2,37.2,45.0,0.5,0.22
DUNITE,61.4,-149.35,35.0,39.4,0.76,0.2
DUNITE,54.9,-131.3,35.0,37.6,0.52,0.32
DUNITE,54.9,-131.3,37.2,40.5,1.2,0.23
DUNITE,54.9,-131.3,26.6,32.4,0.12,0.24
DUNITE,56.1333,-132.983,38.0,39.1,2.3,0.26
DUNITE,56.1167,-132.9,37.4,41.7,0.58,0.26
DUNITE,56.1167,-132.88299999999998,36.3,42.6,0.33,0.22
DUNITE,56.1167,-132.9,36.7,42.5,0.35,0.24
DUNITE,37.75,-120.375,36.3,43.6,0.13,0.08
DUNITE,37.75,-120.375,36.3,43.8,0.06,0.11
DUNITE,37.75,-120.375,39.2,45.6,0.19,0.11
DUNITE,58.2617,-133.585,41.3,43.4,1.7,0.11
DUNITE,57.8861,-133.352,45.7,43.0,1.2,0.09
DUNITE,68.2383,-161.15,38.7,45.0,0.35,0.1
DUNITE,38.75,-77.375,37.3,34.4,0.58,0.14
DUNITE,48.5333,-122.71700000000001,42.6,45.3,0.87,0.09
DUNITE,34.9464,-83.175,42.0,43.1,0.16,0.1
DUNITE,34.9467,-83.175,42.7,43.4,0.15,0.12
DUNITE,35.0853,-83.1175,40.3,46.0,0.27,0.16
DUNITE,34.8739,-83.5756,37.9,39.5,0.04,0.29
DUNITE,68.2586,-161.05,37.9,46.31,0.56,0.14
DUNITE,68.2756,-161.06799999999998,25.5,28.84,0.2,0.12
DUNITE,68.3183,-160.759,34.24,41.85,0.28,0.1
DUNITE,68.3183,-160.759,32.4,35.39,0.1,0.1
DUNITE,68.3194,-160.76,30.36,38.08,0.2,0.13
DUNITE,68.3217,-160.754,34.67,36.74,0.19,0.14
DUNITE,68.3222,-160.753,37.52,45.64,0.24,0.13
DUNITE,68.3233,-160.749,37.16,47.4,0.3,0.12
DUNITE,68.3261,-160.738,33.42,41.72,0.09,0.13
DUNITE,68.1861,-162.00799999999998,30.9,38.23,0.07,0.11
DUNITE,68.2456,-161.733,35.84,44.18,0.32,0.12
DUNITE,68.2439,-161.743,36.62,42.76,0.26,0.17
DUNITE,68.2461,-161.752,8.16,18.04,0.8,0.11
WEHRLITE,68.2483,-161.86700000000002,41.82,33.48,8.5,0.16
DUNITE,68.2378,-161.864,32.98,36.94,0.75,0.14
DUNITE,68.2389,-161.881,8.74,21.62,0.22,0.14
DUNITE,68.2394,-161.886,37.62,46.56,0.22,0.12
DUNITE,68.2394,-161.886,34.92,41.38,0.14,0.15
DUNITE,68.2333,-161.901,37.54,45.37,0.2,0.17
DUNITE,68.2561,-161.912,33.55,38.57,1.27,0.16
LHERZOLITE,-13.65,66.1,45.91,45.27,1.4569999999999999,0.10300000000000001
LHERZOLITE,-17.05,66.867,44.4,45.07,0.557,0.08900000000000001
LHERZOLITE,-17.05,66.867,44.15,34.84,5.5,0.1
LHERZOLITE,-17.05,66.867,44.15,34.84,5.5,0.1
LHERZOLITE,-17.05,66.867,46.06,40.38,3.113,0.136
LHERZOLITE,10.7,-41.63,38.73,35.87,1.34,0.16
LHERZOLITE,10.937000000000001,-43.6,41.69,35.19,1.71,0.11
LHERZOLITE,-0.308,-18.433,42.14,32.15,1.49,0.17
HARZBURGITE,-13.48,-111.53,40.1,36.3,1.23,0.16
HARZBURGITE,-13.47,-111.5,41.41,39.09,0.79,0.11
HARZBURGITE,-13.45,-111.55,42.43,37.88,0.2,0.12
LHERZOLITE,-57.95,-7.812,45.13,42.32,1.5530000000000002,0.10400000000000001
LHERZOLITE,-57.95,-7.812,44.46,41.63,0.122,0.099
HARZBURGITE,-13.482999999999999,-111.493,39.91,37.2,0.42,0.12
HARZBURGITE,-13.482999999999999,-111.493,39.91,37.2,0.42,0.12
HARZBURGITE,-13.482999999999999,-111.493,39.91,37.2,0.42,0.12
DUNITE,-13.482999999999999,-111.493,38.01,37.96,0.0,0.06
DUNITE,-13.482999999999999,-111.493,38.01,37.96,0.0,0.06
DUNITE,-13.482999999999999,-111.493,38.01,37.96,0.0,0.06
HARZBURGITE,2.33,-101.44,39.63,38.07,2.92,0.12
DUNITE,2.26,-101.55,36.92,34.25,0.64,0.1
LHERZOLITE,23.62,36.2,42.66,40.32,3.19,0.15
LHERZOLITE,23.62,36.2,45.07,36.84,3.26,0.15
LHERZOLITE,23.62,36.2,45.62,36.69,3.28,0.15
LHERZOLITE,23.62,36.2,44.02,39.19,3.06,0.14
LHERZOLITE,23.62,36.2,44.4,38.19,3.29,0.14
LHERZOLITE,23.62,36.2,48.09,25.49,10.53,0.11
LHERZOLITE,23.62,36.2,44.16,39.1,3.03,0.14
DUNITE,-5.0,68.0,37.0,39.42,1.8,0.08
DUNITE,-5.0,68.0,38.2,38.0,0.8,0.1
DUNITE,-5.0,68.0,38.26,38.64,0.5,0.21
DUNITE,-5.0,68.0,38.04,38.07,0.98,0.14
HARZBURGITE,-5.0,68.0,38.47,38.43,0.42,0.08
HARZBURGITE,-28.37,62.58,38.21,38.11,0.82,0.14
HARZBURGITE,-5.0,68.0,39.86,38.13,0.77,0.14
HARZBURGITE,-5.0,68.0,39.22,37.88,0.63,0.21
HARZBURGITE,-28.37,62.58,39.2,37.81,0.58,0.18
HARZBURGITE,-5.0,68.0,39.1,37.15,0.35,0.1
HARZBURGITE,-5.0,68.0,37.84,36.96,1.5,0.13
HARZBURGITE,-5.0,68.0,39.26,37.4,1.12,0.13
HARZBURGITE,-5.0,68.0,39.74,37.35,0.58,0.12
HARZBURGITE,-5.0,68.0,38.52,36.7,0.6,0.16
HARZBURGITE,-5.0,68.0,41.9,37.85,1.4,0.18
HARZBURGITE,-5.0,68.0,41.7,38.12,1.46,0.15
HARZBURGITE,-28.37,62.58,39.82,36.1,2.6,0.17
HARZBURGITE,-28.37,62.58,39.94,36.38,2.04,0.27
HARZBURGITE,-5.0,68.0,39.77,35.54,0.41,0.11
LHERZOLITE,-28.37,62.58,39.65,35.08,2.53,0.29
LHERZOLITE,-28.37,62.58,40.42,35.36,2.33,0.14
LHERZOLITE,-28.37,62.58,40.34,35.19,2.88,0.11
LHERZOLITE,-28.37,62.58,39.62,35.06,2.55,0.29
LHERZOLITE,-28.37,62.58,39.6,35.19,3.26,0.14
LHERZOLITE,-5.0,68.0,40.1,35.61,1.82,0.15
LHERZOLITE,-28.37,62.58,40.9,36.34,4.42,0.14
LHERZOLITE,-5.0,68.0,40.0,34.0,3.3,0.18
LHERZOLITE,-5.0,68.0,40.22,33.75,0.44,0.39
LHERZOLITE,-28.37,62.58,41.75,35.22,1.83,0.12
LHERZOLITE,-5.0,68.0,40.0,32.95,3.5,0.12
LHERZOLITE,-9.0,68.0,41.6,33.3,0.82,0.2
LHERZOLITE,23.62,36.2,43.77,40.61,1.94,0.13
LHERZOLITE,23.62,36.2,44.05,38.3,3.0,0.16
LHERZOLITE,23.62,36.2,45.09,37.97,2.8,0.15
LHERZOLITE,23.62,36.2,44.87,37.63,3.16,0.15
LHERZOLITE,23.62,36.2,44.82,36.3,3.86,0.15
LHERZOLITE,23.62,36.2,44.89,37.3,3.31,0.15
LHERZOLITE,23.62,36.2,45.01,37.3,3.21,0.15
LHERZOLITE,23.62,36.2,44.73,36.63,3.51,0.15
LHERZOLITE,23.62,36.2,46.2,35.8,3.02,0.16
LHERZOLITE,23.62,36.2,50.87,28.19,5.02,0.15
LHERZOLITE,23.62,36.2,44.78,36.97,3.35,0.15
LHERZOLITE,23.62,36.2,44.43,37.13,3.39,0.15
LHERZOLITE,23.62,36.2,45.1,37.3,3.04,0.15
LHERZOLITE,23.62,36.2,44.92,36.47,3.47,0.5
LHERZOLITE,23.62,36.2,45.36,40.61,1.08,0.17
LHERZOLITE,23.62,36.2,48.58,29.67,5.52,0.15
LHERZOLITE,23.62,36.2,44.25,37.13,3.4,0.16
HARZBURGITE,-51.02,162.02,55.1,34.49,0.07,0.05
HARZBURGITE,-52.37,160.57,55.3,33.6,0.12,0.05
BASALT,-29.3,60.62,45.32,44.02,0.061,0.1
LHERZOLITE,-1.117,-14.867,38.55,35.88,0.37,0.41
LHERZOLITE,-0.308,-18.433,42.36,36.48,2.24,0.1
LHERZOLITE,-1.133,-24.083000000000002,37.62,37.8,0.5,0.05
LHERZOLITE,-12.42,65.93,43.87,40.45,4.3,0.07
HARZBURGITE,45.25,-29.92,37.9,36.7,0.35,0.01
HARZBURGITE,45.25,-29.92,38.13,36.5,0.18,0.17
HARZBURGITE,45.83,-28.33,37.14,37.5,0.18,0.21
HARZBURGITE,45.42,-28.33,37.7,37.0,0.18,0.1
WEHRLITE,45.75,-29.0,38.06,30.78,3.51,0.05
HARZBURGITE,5.0,62.0,39.26,36.3,0.58,0.13
HARZBURGITE,-5.0,67.0,38.9,35.04,1.2,0.12
HARZBURGITE,-5.0,69.0,39.56,35.32,1.2,0.73
LHERZOLITE,5.4,62.13,40.52,33.68,0.45,0.48
HARZBURGITE,19.499000000000002,146.666,38.17,36.59,0.07,0.1
HARZBURGITE,19.499000000000002,146.666,35.69,35.88,3.52,0.1
HARZBURGITE,19.499000000000002,146.666,40.93,36.85,0.74,0.1
HARZBURGITE,19.499000000000002,146.666,34.14,39.32,0.02,0.14
HARZBURGITE,19.499000000000002,146.666,37.46,39.15,0.03,0.13
HARZBURGITE,19.499000000000002,146.666,34.61,39.21,0.08,0.16
HARZBURGITE,19.499000000000002,146.666,41.52,39.61,0.06,0.08
HARZBURGITE,19.499000000000002,146.666,39.29,37.04,0.07,0.06
HARZBURGITE,19.499000000000002,146.666,37.1,39.38,0.79,0.11
HARZBURGITE,19.499000000000002,146.666,49.99,22.65,8.45,0.18
DUNITE,19.5125,146.696,36.74,40.31,0.14,0.1
DUNITE,19.5125,146.696,39.47,41.21,0.15,0.11
DUNITE,19.5125,146.696,38.14,41.19,0.6,0.12
DUNITE,19.5125,146.696,38.3,41.71,0.44,0.1
DUNITE,19.5125,146.696,35.25,41.35,0.1,0.09
DUNITE,19.5125,146.696,35.54,42.14,0.21,0.08
DUNITE,19.5125,146.696,40.8,43.43,0.54,0.1
DUNITE,19.5125,146.696,39.21,44.36,0.25,0.12
DUNITE,19.5125,146.696,39.47,40.95,0.15,0.1
DUNITE,19.5125,146.696,34.5,38.94,0.37,0.11
DUNITE,19.5125,146.696,34.44,43.4,0.2,0.09
HARZBURGITE,19.5125,146.696,33.64,40.13,0.07,0.14
HARZBURGITE,19.5125,146.696,34.46,40.18,0.22,0.09
HARZBURGITE,19.5125,146.696,35.12,39.87,0.08,0.1
HARZBURGITE,19.5125,146.696,37.57,39.61,0.55,0.11
HARZBURGITE,19.5125,146.696,38.35,40.0,0.53,0.11
HARZBURGITE,19.5125,146.696,29.39,41.22,0.14,0.17
HARZBURGITE,19.5125,146.696,35.45,41.32,0.36,0.1
HARZBURGITE,19.5125,146.696,36.49,39.14,0.5,0.1
HARZBURGITE,19.5125,146.696,36.81,41.5,0.33,0.1
HARZBURGITE,19.5125,146.696,32.18,40.35,0.32,0.12
HARZBURGITE,19.5125,146.696,38.62,40.03,0.79,0.11
HARZBURGITE,19.5125,146.696,38.08,37.34,0.81,0.11
HARZBURGITE,19.5125,146.696,38.7,39.33,0.62,0.11
HARZBURGITE,19.5125,146.696,40.2,42.69,0.35,0.1
HARZBURGITE,19.5125,146.696,37.37,39.47,0.29,0.09
HARZBURGITE,19.5125,146.696,29.13,41.26,0.16,0.17
HARZBURGITE,19.5125,146.696,38.61,41.84,0.23,0.11
HARZBURGITE,19.5125,146.696,38.09,42.96,0.13,0.11
HARZBURGITE,19.5125,146.696,39.61,40.95,0.8,0.11
HARZBURGITE,19.5125,146.696,37.09,39.5,0.58,0.1
HARZBURGITE,19.5125,146.696,35.53,39.32,0.35,0.1
HARZBURGITE,19.5422,146.654,40.7,42.94,0.6,0.11
HARZBURGITE,19.5422,146.654,40.7,42.94,0.6,0.11
HARZBURGITE,19.5422,146.654,38.42,39.04,0.79,0.11
HARZBURGITE,19.5422,146.654,37.76,39.97,0.69,0.11
HARZBURGITE,19.5422,146.654,38.56,39.13,0.86,0.11
DUNITE,19.9643,146.78799999999998,38.43,39.78,0.5,0.11
HARZBURGITE,19.9643,146.78799999999998,36.41,40.18,0.43,0.09
HARZBURGITE,19.9643,146.78799999999998,39.21,38.19,1.66,0.11
HARZBURGITE,19.9643,146.78799999999998,35.9,39.39,0.31,0.11
HARZBURGITE,19.9643,146.78799999999998,36.01,39.35,0.66,0.12
HARZBURGITE,19.9643,146.78799999999998,36.84,39.91,0.63,0.11
HARZBURGITE,15.0944,-44.9717,37.84,40.24,0.03,0.1
HARZBURGITE,15.0944,-44.9717,37.75,39.99,0.03,0.1
HARZBURGITE,15.0944,-44.9717,37.45,40.3,0.03,0.09
HARZBURGITE,15.0944,-44.9717,37.11,40.14,0.03,0.1
HARZBURGITE,15.0944,-44.9717,36.97,40.48,0.03,0.09
HARZBURGITE,15.0944,-44.9717,37.17,38.56,0.02,0.1
DUNITE,15.0944,-44.9717,33.62,42.04,0.03,0.1
HARZBURGITE,15.0944,-44.9717,36.81,39.64,0.06,0.1
HARZBURGITE,15.0944,-44.9717,36.78,39.93,0.05,0.09
HARZBURGITE,15.0944,-44.9717,37.48,40.11,0.2,0.1
HARZBURGITE,15.0944,-44.9717,34.82,41.08,0.03,0.1
HARZBURGITE,15.6478,-46.6764,39.04,40.88,0.65,0.11
HARZBURGITE,15.6478,-46.6764,35.65,37.64,0.52,0.1
HARZBURGITE,15.6478,-46.6764,37.78,39.04,0.31,0.09
HARZBURGITE,15.6478,-46.6764,35.53,40.89,0.18,0.1
HARZBURGITE,15.6478,-46.6764,37.58,39.99,0.51,0.1
HARZBURGITE,15.6478,-46.6764,37.52,40.69,0.24,0.09
HARZBURGITE,15.6478,-46.6764,38.66,39.93,0.74,0.12
HARZBURGITE,15.6478,-46.6764,38.78,40.62,1.03,0.11
HARZBURGITE,15.6478,-46.6764,37.93,40.62,0.39,0.1
HARZBURGITE,15.6478,-46.6764,38.81,41.88,0.54,0.11
HARZBURGITE,15.6478,-46.6764,37.82,40.45,0.5,0.11
HARZBURGITE,15.6478,-46.6764,39.54,40.72,0.71,0.11
HARZBURGITE,15.6478,-46.6764,37.8,39.99,0.46,0.11
HARZBURGITE,15.6478,-46.6764,40.2,40.71,0.86,0.11
HARZBURGITE,15.6478,-46.6764,40.32,40.28,0.84,0.11
HARZBURGITE,15.6478,-46.6764,34.37,42.24,0.13,0.11
DUNITE,12.2425,144.13,43.7,44.64,2.06,0.129
HARZBURGITE,23.3385,-45.0173,44.61,44.6,0.01,0.14
HARZBURGITE,23.3385,-45.0173,43.97,43.95,0.08,0.13
HARZBURGITE,23.3385,-45.0173,45.01,43.05,0.74,0.14
HARZBURGITE,23.3385,-45.0173,44.96,43.07,0.23,0.11
HARZBURGITE,23.3385,-45.0173,43.88,45.33,0.23,0.13
HARZBURGITE,23.3385,-45.0173,45.76,43.63,0.51,0.11
HARZBURGITE,23.3385,-45.0173,44.1,40.96,0.85,0.13
HARZBURGITE,23.3385,-45.0173,44.3,43.44,0.37,0.13
HARZBURGITE,23.3385,-45.0173,44.23,43.72,1.17,0.13
HARZBURGITE,23.3385,-45.0173,45.4,42.31,1.23,0.13
HARZBURGITE,23.3385,-45.0173,44.14,42.54,1.04,0.13
HARZBURGITE,23.3385,-45.0173,43.81,43.55,1.01,0.14
HARZBURGITE,23.3385,-45.0173,43.49,43.68,0.7,0.13
HARZBURGITE,23.3385,-45.0173,44.69,43.13,1.15,0.13
HARZBURGITE,23.3385,-45.0173,42.63,45.98,0.88,0.13
HARZBURGITE,23.3385,-45.0173,44.33,45.19,0.35,0.14
HARZBURGITE,23.3385,-45.0173,44.23,43.45,0.87,0.18
HARZBURGITE,23.3385,-45.0173,44.14,44.01,0.1,0.13
HARZBURGITE,23.3385,-45.0173,43.74,44.72,0.01,0.14
HARZBURGITE,23.3385,-45.0173,44.97,42.82,0.42,0.13
HARZBURGITE,23.3385,-45.0173,44.29,44.37,0.18,0.14
HARZBURGITE,23.3385,-45.0173,46.16,43.34,0.33,0.12
HARZBURGITE,23.3385,-45.0173,44.49,44.17,0.21,0.11
HARZBURGITE,23.3385,-45.0173,44.02,46.21,0.06,0.14
HARZBURGITE,23.3385,-45.0173,44.86,44.12,0.33,0.14
HARZBURGITE,23.3385,-45.0173,44.22,44.49,0.06,0.12
HARZBURGITE,23.3385,-45.0173,44.61,44.41,0.13,0.13
HARZBURGITE,23.3385,-45.0173,43.87,45.0,0.14,0.12
HARZBURGITE,23.3385,-45.0173,44.71,44.37,0.04,0.13
HARZBURGITE,23.3387,-45.0174,44.39,30.19,5.07,0.19
HARZBURGITE,23.3387,-45.0174,44.81,43.94,0.18,0.11
HARZBURGITE,23.3387,-45.0174,44.11,44.09,0.29,0.14
HARZBURGITE,23.3387,-45.0174,43.7,43.54,0.03,0.15
HARZBURGITE,23.3387,-45.0174,44.48,43.87,0.29,0.14
HARZBURGITE,23.3387,-45.0174,44.97,42.82,1.38,0.13
HARZBURGITE,23.3387,-45.0174,43.68,43.83,0.23,0.12
HARZBURGITE,23.3387,-45.0174,47.22,41.47,1.06,0.14
HARZBURGITE,23.3387,-45.0174,43.8,44.29,0.26,0.15
HARZBURGITE,23.3387,-45.0174,44.63,43.39,0.51,0.12
HARZBURGITE,23.3387,-45.0174,44.31,43.79,0.42,0.13
HARZBURGITE,23.3387,-45.0174,44.25,43.411,1.3,0.13
HARZBURGITE,23.3387,-45.0174,43.26,43.52,1.55,0.14
HARZBURGITE,23.3387,-45.0174,43.28,43.19,1.05,0.13
HARZBURGITE,23.3387,-45.0174,42.85,44.05,0.58,0.16
HARZBURGITE,23.3387,-45.0174,43.0,44.23,0.99,0.14
HARZBURGITE,23.3387,-45.0174,43.79,43.97,1.15,0.15
HARZBURGITE,23.3387,-45.0174,44.02,44.39,0.12,0.13
HARZBURGITE,23.3387,-45.0174,43.98,43.9,0.39,0.14
HARZBURGITE,23.3387,-45.0174,46.64,38.02,1.05,0.16
HARZBURGITE,23.3387,-45.0174,44.1,40.55,0.32,0.16
HARZBURGITE,23.3387,-45.0174,43.63,42.74,0.14,0.15
HARZBURGITE,23.3387,-45.0174,44.38,40.63,0.79,0.16
HARZBURGITE,23.3387,-45.0174,44.27,43.33,0.25,0.14
HARZBURGITE,23.3387,-45.0174,43.79,44.14,0.23,0.14
HARZBURGITE,23.3387,-45.0174,44.29,43.49,0.26,0.15
HARZBURGITE,23.3387,-45.0174,43.9,43.85,0.39,0.14
HARZBURGITE,23.3387,-45.0174,43.55,43.95,0.73,0.14
HARZBURGITE,23.3387,-45.0174,43.32,42.61,0.17,0.14
HARZBURGITE,23.3387,-45.0174,44.05,41.83,1.42,0.12
HARZBURGITE,23.3387,-45.0174,43.58,42.93,1.41,0.13
HARZBURGITE,23.3387,-45.0174,44.39,42.77,1.25,0.13
HARZBURGITE,23.3387,-45.0174,44.32,42.9,1.33,0.13
HARZBURGITE,23.3387,-45.0174,44.72,43.22,0.57,0.14
HARZBURGITE,23.3387,-45.0174,43.64,43.55,0.32,0.12
HARZBURGITE,23.3387,-45.0174,45.44,17.41,14.55,0.25
HARZBURGITE,23.3387,-45.0174,43.37,44.19,0.1,0.1
HARZBURGITE,23.3387,-45.0174,43.94,43.22,1.39,0.14
HARZBURGITE,23.3387,-45.0174,45.74,34.17,4.19,0.26
HARZBURGITE,23.3387,-45.0174,44.75,43.56,0.33,0.12
HARZBURGITE,23.3387,-45.0174,45.55,40.49,0.77,0.13
HARZBURGITE,23.3387,-45.0174,44.09,44.17,0.07,0.12
HARZBURGITE,23.3387,-45.0174,46.54,40.54,1.3,0.13
HARZBURGITE,23.3387,-45.0174,45.09,42.74,0.39,0.12
HARZBURGITE,23.3387,-45.0174,43.93,44.19,0.42,0.14
HARZBURGITE,23.3387,-45.0174,43.83,44.48,0.02,0.12
HARZBURGITE,23.3387,-45.0174,43.51,43.99,0.1,0.14
HARZBURGITE,23.3387,-45.0174,44.64,43.6,0.01,0.15
HARZBURGITE,23.3387,-45.0174,44.65,43.85,0.04,0.13
HARZBURGITE,23.3387,-45.0174,44.94,42.46,0.15,0.12
HARZBURGITE,23.3387,-45.0174,44.81,43.66,0.02,0.13
HARZBURGITE,23.3387,-45.0174,45.77,35.79,2.26,0.18
HARZBURGITE,23.3387,-45.0174,43.71,43.61,0.08,0.14
HARZBURGITE,23.3387,-45.0174,44.92,42.59,0.38,0.13
LHERZOLITE,-53.14,9.979,49.6,7.33,10.92,0.17
HARZBURGITE,2.27723,-101.446,35.31,41.27,0.5,0.12
DUNITE,2.27723,-101.446,34.44,39.81,1.53,0.14
DUNITE,2.27725,-101.446,36.98,43.24,0.64,0.12
HARZBURGITE,2.27725,-101.446,35.05,41.36,0.22,0.11
DUNITE,2.27978,-101.447,32.71,41.42,0.06,0.14
DUNITE,2.27978,-101.447,33.33,42.98,0.11,0.11
DUNITE,2.27978,-101.447,32.7,42.54,0.07,0.12
HARZBURGITE,2.27978,-101.447,35.58,41.92,0.41,0.11
HARZBURGITE,19.499000000000002,146.666,41.52,39.61,0.06,0.08
HARZBURGITE,19.5125,146.696,40.02,40.34,0.47,0.11
HARZBURGITE,19.5125,146.696,40.36,40.34,0.81,0.11
HARZBURGITE,19.5422,146.654,38.85,38.87,0.89,0.11
HARZBURGITE,19.5422,146.654,38.85,38.87,0.89,0.11
HARZBURGITE,30.91,141.73,36.23,38.85,0.06,0.12
DUNITE,30.91,141.73,33.01,40.31,0.14,0.13
HARZBURGITE,30.91,141.73,38.41,38.86,0.56,0.1
HARZBURGITE,30.91,141.73,35.72,42.19,0.16,0.11
HARZBURGITE,14.75,-44.98,43.46,45.64,0.75,0.12
HARZBURGITE,14.75,-44.98,44.28,45.48,0.27,0.09
HARZBURGITE,14.75,-44.98,45.31,43.74,0.06,0.06
HARZBURGITE,14.75,-44.98,45.85,43.95,0.1,0.08
HARZBURGITE,14.75,-44.98,61.86,30.61,0.34,0.06
